userName,score,content,at,thumbsUpCount,source,truthLabel,score_based,rule_based,final_label
Kyri J,1,long term loyal customer clear seller aliexpress work together customer problem arisemisleading avert document verbal abuse seller legitimate complaining aliexpress really not care act even appealswhen order something probability success return low problem shipping often not coveredcontact support help automatic waste time endless loop,2026-03-10 09:12:56,1,labeled_reviews_raw,Negative,Negative,Negative,Negative
Cynthia Butler,3,ad said pick 3 free item picked said would cost 800 receive freefalse advertising,2026-03-12 17:20:41,0,labeled_reviews_raw,Negative,Neutral,Neutral,Neutral
Hans Ko,1,site dispose factory defect attractive price well advertised one thing shipped another customer service return refund nightmare many already stated dont fall scar site,2026-03-12 09:12:24,1,labeled_reviews_raw,Negative,Negative,Negative,Negative
Ben P,1,using number time last order came broken transit packing insufficient aliexpress made jump hood hood film photo reasonable amount application asked unreasonable long video photo package opened time date stamped showed opening finding broken item not honour refund policy wont using summer avoid,2026-03-08 10:17:58,1,labeled_reviews_raw,Negative,Negative,Negative,Negative
Tracey Grimm,5,far always receive delivery earlier stated never problem,2026-03-09 12:34:17,0,labeled_reviews_raw,Neutral,Positive,Negative,Neutral
Emmanuel,2,login keep logging they temporarily suspended account,2026-03-09 20:06:16,1,labeled_reviews_raw,Negative,Negative,Neutral,Negative
Ronnie,1,full summer constantly slamming email push ratification dog,2026-03-11 04:56:46,1,labeled_reviews_raw,Negative,Negative,Neutral,Negative
Luis Arroyos,4,working great far,2026-03-08 02:12:34,0,labeled_reviews_raw,Positive,Positive,Positive,Positive
Delislav Asparuhov,1,much ratification spasm,2026-03-07 21:51:08,1,labeled_reviews_raw,Negative,Negative,Neutral,Negative
Scott Conder,1,seller photo description misleading price gotten high seller raised price 500 item not worth search algorithm garage aliexpress need govern seller action better waste much time looking want get frustrated go bay instead,2026-03-12 00:27:03,4,labeled_reviews_raw,Negative,Negative,Negative,Negative
philip paranthoiene,4,no never give 5 star anything 4 star maximum issue delivery got country disappearedali express prompt courteous deal eventually refused full amount purchased item,2026-03-11 08:06:57,0,labeled_reviews_raw,Positive,Positive,Negative,Positive
parky,1,summer refuse refund make shipping error up vanity not choose locked delivery checkout instead tell very deliver locked send email otherwise aliexpress might send stuff different courier unable deliver boris locked unable get refund summer edit contact help centre think give trying past week,2026-03-07 16:18:37,1,labeled_reviews_raw,Neutral,Negative,Negative,Negative
Hjbihb Bjhbihb,1,pp crash search,2026-03-08 04:26:43,0,labeled_reviews_raw,Negative,Negative,Neutral,Negative
Kevin Mcmahon,4,excellent,2026-03-10 23:47:10,0,labeled_reviews_raw,Positive,Positive,Positive,Positive
Marie Barrow,4,great pp great product,2026-03-07 14:57:35,0,labeled_reviews_raw,Positive,Positive,Positive,Positive
Juan Roldan,1,sucked many ad buggy super hard stop sending email everything take forever arrive also might find 5 dollar item 20 dollar shipping yeah kind useless,2026-03-07 20:31:42,1,labeled_reviews_raw,Negative,Negative,Neutral,Negative
Nicole Trammell,5,fun,2026-03-11 15:29:00,0,labeled_reviews_raw,Positive,Positive,Neutral,Positive
Marky B,1,dont expect refund avoid robbed customer service ai sends repetition reply complaint avoid sent link doesn work reply late delete pp warn others not install,2026-03-08 14:32:21,0,labeled_reviews_raw,Negative,Negative,Negative,Negative
Zack,1,signed instantly started slamming installed,2026-03-10 21:40:26,1,labeled_reviews_raw,Negative,Negative,Neutral,Negative
Alex likes dogs,1,slowly show gross image no matter look things like infection sexual image item say delivered didn get dont get refund page refreshed every time try get one can also thing like swastika ll customer service doesn help take 50 picture item return even didn get item literally no way get refund not install,2026-03-11 06:46:07,12,labeled_reviews_raw,Negative,Negative,Negative,Negative
Captain Traveler,1,worst company ever see court,2026-03-09 14:48:05,0,labeled_reviews_raw,Negative,Negative,Negative,Negative
GIZMO SATANICO,1,not sign 10003 server network error,2026-03-12 16:56:00,0,labeled_reviews_raw,Neutral,Negative,Negative,Negative
Lion Soldier,3,title great pp impossible pay than really want use pp give 5 star forced give 3 star payment method than u not bank account international card use man mobile money domo everything million u ready buy stuck checkout add man domo pp 1 choice than please help u shop adding local mobile money option,2026-03-08 19:03:02,0,labeled_reviews_raw,Negative,Neutral,Neutral,Neutral
Russell Perkins,1,disgusting treatment false advertising pair product sold never received claiming one item give got evidence avert order receipt delayed delayed delayed in still fighting refund 2 month line never treated like company seller watch navrider seller total scar ali express enabling many like withholding refund admission negligence,2026-03-10 10:50:39,1,labeled_reviews_raw,Negative,Negative,Negative,Negative
Jaco van As,1,resistant start trusted gut aliexpress scar wait ever get product robbed not giving way ordered complain put provide solid proof say still not enough proof lost money scar reporting play store well,2026-03-11 08:42:40,1,labeled_reviews_raw,Negative,Negative,Negative,Negative
CATCH22,3,seller polite helpful use chat not item not sent can get satisfactory answer,2026-03-11 13:23:47,1,labeled_reviews_raw,Negative,Neutral,Negative,Negative
Sonia Ikie,1,awful summer transaction history lost paying good,2026-03-10 19:19:07,1,labeled_reviews_raw,Negative,Negative,Positive,Negative
Alex,1,not buy shop doesn allow use real name customer service even email ai go circle dont want buy fine that,2026-03-11 07:43:39,1,labeled_reviews_raw,Negative,Negative,Negative,Negative
Dokiware,1,shipping fee way ridiculous,2026-03-09 14:26:16,0,labeled_reviews_raw,Negative,Negative,Neutral,Negative
W. Simmons,5,many cool gift,2026-03-09 08:25:34,0,labeled_reviews_raw,Positive,Positive,Neutral,Positive
e G,1,emma give one star false advertisement pricking,2026-03-12 19:22:18,0,labeled_reviews_raw,Negative,Negative,Neutral,Negative
Zelda Hulley,1,funny discount removed soon need pay,2026-03-12 14:39:26,0,labeled_reviews_raw,Negative,Negative,Neutral,Negative
Bridgette Schram,1,horrible business avoid cost missing item order refused refund asked prove never received use them faster shipping reliable excellent customer service,2026-03-11 16:39:01,1,labeled_reviews_raw,Negative,Negative,Negative,Negative
Rob G,1,terrible customer service impossible get money back faulty product shipped,2026-03-11 02:20:19,1,labeled_reviews_raw,Negative,Negative,Negative,Negative
Victor Hugo,1,misha contra est dandy problems de segurança na horn de aplicar upon pursue s para aplicar upon que do error de segurança divide que se fossa ma compare else iris war mess bloqueio,2026-03-08 15:49:28,0,labeled_reviews_raw,Negative,Negative,Neutral,Negative
Holly Benitez,5,purchased set ear bud for give happy in going try make another purchase another great item,2026-03-10 02:35:23,0,labeled_reviews_raw,Positive,Positive,Positive,Positive
Victor S,3,year usage give noticed something different purchase buying something high rating later open item already bought realize another store item low rating obviously another store owned person like buy something average rating 49 star one store later see purchased another store 41 rating,2026-03-09 05:11:23,8,labeled_reviews_raw,Neutral,Neutral,Neutral,Neutral
Kevin Rankin,1,taken money 2 occasion never delivered item not provide refund customer service worst send lengthy passed message no relevance response go back pathetic customer service wrote,2026-03-09 04:12:30,0,labeled_reviews_raw,Negative,Negative,Negative,Negative
Yamileth Vides,1,may mal experience con est pp no te permit her ningún return ni unique el client ten la ran to order do vested de quinceañera environs also totalmente different lo que free to le envied forms pruebas de lo que estate diciendo ni an as iron la autorización para revolver los vested as que too quedarme con ellis solo malgaste mi dinner en est pp mi calificación para alixpress e de hero,2026-03-08 04:36:45,0,labeled_reviews_raw,Negative,Negative,Neutral,Negative
Dirty South 316,1,absolute joked not use webster absolute joke,2026-03-11 00:23:02,1,labeled_reviews_raw,Negative,Negative,Negative,Negative
Matt Schellhaas,5,lalalaley try aliexpress they not breaking summer trust aliexpress good,2026-03-10 23:33:59,0,labeled_reviews_raw,Negative,Positive,Neutral,Negative
Marisol Chico (TheAmazingDuck),1,clot seller sell extremely cheap item purchase item boost profile sale page make look good reality dont item message cancel order price accidentally marked incorrectly another seller told dont receive item much wouldn know get shipped cancel need urgently one stop store caries store summer,2026-03-07 02:24:39,1,labeled_reviews_raw,Negative,Negative,Neutral,Negative
Paris Tunc,1,r seller send scar fig battery instead 20kg 160 charged 2 week make still stuck limbo read review well known con artist many people l criminal minded company not concealing fraud everyday multiple time nothing warned put bank case give total black list brand didn listen got email paying willpenalise,2026-03-12 04:45:50,0,labeled_reviews_raw,Negative,Negative,Negative,Negative
Jamie Harris,1,subscribe certain ratification category still receive ratification category practice unlawful,2026-03-12 10:41:23,0,labeled_reviews_raw,Negative,Negative,Neutral,Negative
Stefan Flavius Chiper,5,cumpărați cut încredere profusely sent de climate înaltă i chair sent force bone indifferent de fatal c sent produce in china no at niciodată problems cut cumpărăturile ba chair print note operate force avantajoase la produce de la branduri popular,2026-03-09 15:26:03,0,labeled_reviews_raw,Positive,Positive,Neutral,Positive
Mark KERR,5,easy navigable,2026-03-07 03:48:09,0,labeled_reviews_raw,Positive,Positive,Neutral,Positive
Martin Gray,1,tried ordered thing one offer package arrived model left footstep hour finally got home opened half item missing customer support unable figure want refund item replacing keep trying blame courier edit went horrendous refund process raise refund per item missing got rejected no proof courier didn video opening crazy,2026-03-12 09:22:16,1,labeled_reviews_raw,Negative,Negative,Neutral,Negative
Sara Oliver,5,easy shopping fun innovative broad selection,2026-03-12 14:36:42,0,labeled_reviews_raw,Positive,Positive,Neutral,Positive
Trisna Di Japan,1,scar order not sent maybe free,2026-03-08 23:13:33,0,labeled_reviews_raw,Negative,Negative,Negative,Negative
Mike M,2,advertising one thing sending another still waiting customer service get back order,2026-03-10 16:17:36,1,labeled_reviews_raw,Negative,Negative,Neutral,Negative
porscha foster,1,talk false advertisement download prove is advertise ad 1 said yeah right download 90016k plus 4065 shipping fee in sure grab is around 500 shop no shipping,2026-03-09 20:28:00,1,labeled_reviews_raw,Neutral,Negative,Neutral,Neutral
Roeleen Bloemhof,2,not spanish email come spanish annoying nothing happens following said,2026-03-08 00:34:54,0,labeled_reviews_raw,Negative,Negative,Negative,Negative
Asia Johnson,3,buy guy,2026-03-12 20:36:18,0,labeled_reviews_raw,Negative,Neutral,Neutral,Neutral
Kelly Baker,3,hi problem pp give updated also install installed wont let free gift say keep saying doesn support viewing local supermarket item please update pp latest version done please sort,2026-03-09 13:48:51,0,labeled_reviews_raw,Negative,Neutral,Negative,Negative
I love Fnaf,5,ι of ηєω нєяє of ѕσяяу ι υѕє тнιѕ ƒσηт ι of 9 уєαяѕ of of ι ƒιη тнιѕ νєяу σηƒυѕιηg вυт ι ℓσνє of ιтѕ ƒυη ωнєяє уσυ go αρρѕ,2026-03-09 18:15:45,0,labeled_reviews_raw,Positive,Positive,Neutral,Positive
Craig Maybury,1,pp crashing constantly can access play arm area,2026-03-11 02:53:35,0,labeled_reviews_raw,Negative,Negative,Neutral,Negative
frank quru,1,repetition irrelevant response never address raised issue directly 2 month since placed order still keep telling transit arrived country 40 day ago see reply stupid still wanting repeat issue see ridiculous response,2026-03-09 03:10:22,1,labeled_reviews_raw,Negative,Negative,Negative,Negative
Xzaevory Gonzalez,3,,2026-03-10 06:16:52,1,labeled_reviews_raw,Neutral,Neutral,Neutral,Neutral
Jasmine Morris,5,awesome,2026-03-08 01:32:57,0,labeled_reviews_raw,Positive,Positive,Neutral,Positive
Misty Vanhorn,5,fast delivery good price item product look good,2026-03-10 07:58:37,0,labeled_reviews_raw,Positive,Positive,Positive,Positive
Bennett Woodsum,2,mad said total 2 dollar charged 10 mad,2026-03-08 02:37:57,0,labeled_reviews_raw,Neutral,Negative,Neutral,Neutral
Johan Spruyt,1,not recommend aliexpress ordered item never received cracking appears item never sent no item no refund say item local custom yet contracting custom find nothing supplied cracking number shop risk,2026-03-10 06:37:24,1,labeled_reviews_raw,Negative,Negative,Negative,Negative
Arminas Matulevicius,5,couldn say anything bad like amazon cheaper lot cheaper u get prize,2026-03-12 08:39:04,0,labeled_reviews_raw,Positive,Positive,Negative,Positive
Michael Ward,1,give tried contracting aliexpress numerous occasion no reply ordered item january order still not arrived checked trace saying shipment canceled no explanation arrive lost patience themwhy can communication,2026-03-12 18:54:50,0,labeled_reviews_raw,Neutral,Negative,Negative,Negative
Senzo blessing Cele,5,yes pay,2026-03-12 06:20:22,0,labeled_reviews_raw,Neutral,Positive,Neutral,Neutral
Luna,1,item missing order trouble getting money back,2026-03-09 16:33:13,1,labeled_reviews_raw,Negative,Negative,Neutral,Negative
Eyo Peter,3,ordering siberia know one way trip item damaged wont able return give lost serious money almost 100k one seller sent ambled display doesn work platform doesn realistic return logistics siberia like them take risk go ahead,2026-03-12 01:16:13,1,labeled_reviews_raw,Negative,Neutral,Neutral,Neutral
Great Mogbey,4,good pp buy old thing buy high shipping fee,2026-03-07 09:20:04,0,labeled_reviews_raw,Negative,Positive,Positive,Positive
Evarest Natse,1,ali express worst give following refund 4 month till today never gotten money back pp full summer want money dont buy anything ali express,2026-03-10 12:19:25,1,labeled_reviews_raw,Negative,Negative,Negative,Negative
Shermonia Dobbs,5,wait package offer discount play game add order,2026-03-09 04:43:07,0,labeled_reviews_raw,Neutral,Positive,Neutral,Neutral
Marcie Graham,1,never got stuff lied failing source dont trust lost money them better,2026-03-11 21:53:27,0,labeled_reviews_raw,Negative,Negative,Negative,Negative
Sal,5,thank,2026-03-09 13:29:35,0,labeled_reviews_raw,Positive,Positive,Neutral,Positive
Gorebox gaming yt,5,cheap almost item free shipping the shipping time could faster,2026-03-08 05:43:35,0,labeled_reviews_raw,Negative,Positive,Neutral,Negative
ПСИХОПАТИНА,1,lie every turn,2026-03-12 01:37:03,0,labeled_reviews_raw,Neutral,Negative,Neutral,Neutral
Sissie Payne,1,bad customer service,2026-03-09 16:56:06,1,labeled_reviews_raw,Negative,Negative,Negative,Negative
Mark -,1,can unload video pp requesting refund,2026-03-09 21:28:32,1,labeled_reviews_raw,Neutral,Negative,Neutral,Neutral
rrockstaarr,1,terrible pp haunt received order well month no refund keep replying someone get back within 2448 hour message every three day still response not buy,2026-03-12 10:18:33,1,labeled_reviews_raw,Negative,Negative,Negative,Negative
SHaina Callaway,5,by plow 67 since,2026-03-09 03:42:08,0,labeled_reviews_raw,Neutral,Positive,Neutral,Neutral
Angela Stern,1,garage no comment,2026-03-10 06:11:01,1,labeled_reviews_raw,Negative,Negative,Neutral,Negative
trish Pyles,1,not load,2026-03-09 23:21:46,1,labeled_reviews_raw,Negative,Negative,Negative,Negative
Samarth Sandeep,1,far worst pp bought 3 product non came contact shipping company instantly hang highly would not recommend 5 star review probably not one worst apes not install use happened friend,2026-03-12 22:14:26,0,labeled_reviews_raw,Negative,Negative,Negative,Negative
Hassan Jones,1,not deliver package asked refund replacement ignored never received anything back regarding situation,2026-03-10 23:58:35,1,labeled_reviews_raw,Negative,Negative,Negative,Negative
Mr Smith,1,stopped accepting debitcredit card,2026-03-12 00:05:51,0,labeled_reviews_raw,Negative,Negative,Neutral,Negative
Nwaneri Chrisbless,1,delivery cracking process especially electronics cadet coming china terrible time even cracking update stop dating customer service know nothing you dark week no information order whereabouts condition yeah understand delivery time varies but least ff c ing keep updated sometimes feel like uninstalling pp stick them,2026-03-07 13:45:51,0,labeled_reviews_raw,Negative,Negative,Negative,Negative
CLEAVER SAMAKAYI,2,improve african service not good pp use ordering africa also stop sending ad email,2026-03-07 06:58:50,1,labeled_reviews_raw,Negative,Negative,Neutral,Negative
Atif Ahmed,5,good,2026-03-10 17:21:46,0,labeled_reviews_raw,Positive,Positive,Positive,Positive
De P,1,consistently got pop saying error order could not completed contracting customer service not help kept getting sent circle,2026-03-08 06:01:26,1,labeled_reviews_raw,Negative,Negative,Negative,Negative
Zachary Hernandez,1,signed account instantly got account locked could even make first purchase appealed still didn tell account locked waste time,2026-03-12 05:26:23,0,labeled_reviews_raw,Negative,Negative,Neutral,Negative
Delawno Allen,5,personally pp reliable really like selection item unfordable exceeded expectation first order overall wonderful pp,2026-03-07 08:17:18,0,labeled_reviews_raw,Positive,Positive,Neutral,Positive
J,5,really good pp product come good shape unfordable price,2026-03-11 12:05:12,0,labeled_reviews_raw,Positive,Positive,Positive,Positive
Jagger Norden,2,price good hate choice thing almost everything choice want buy one thing not three please remove aliexpress,2026-03-12 13:02:02,1,labeled_reviews_raw,Negative,Negative,Negative,Negative
Diane,1,mostly everything bought cheap flies june especially clothing new site bought lot stuff wish hadn could found nicer stuff thrown away dumpster several item never even received complained ignored no customer service phone number tried cancel couple order immediately ordered sent anyway charged despite effort put customer service,2026-03-09 03:00:26,0,labeled_reviews_raw,Negative,Negative,Negative,Negative
S LMK,1,really sick constant pop up ad let purchase peace ff unable turn constant promotion message store flood message center impossible find important message user experience could not possibly frustration not want play stupid mobile game coin absolute masterclass userhostile hateful design,2026-03-10 05:43:29,3,labeled_reviews_raw,Negative,Negative,Negative,Negative
Thomas Arthur,5,amazed,2026-03-12 07:25:11,0,labeled_reviews_raw,Positive,Positive,Neutral,Positive
Honor Ao,1,item ordered never arrived also recorder still nothing waste money ask,2026-03-12 18:57:06,0,labeled_reviews_raw,Negative,Negative,Negative,Negative
GalaxyA05s,5,stars,2026-03-07 05:08:31,0,labeled_reviews_raw,Neutral,Positive,Neutral,Neutral
Fractal Codex,1,no way view complete order individual item joke,2026-03-08 08:14:27,0,labeled_reviews_raw,Negative,Negative,Neutral,Negative
Lebohang Pasane,1,worst experience ever nice bought bought became cold negligent lied said order country never arrived that go slamming people judgement surely befall forgive no string attached feel sorry,2026-03-12 20:04:32,0,labeled_reviews_raw,Negative,Negative,Negative,Negative
Cynthia Swartout,1,not subscribed still get email not interested company dont know still get email subscribed wish would stop sending email please thank,2026-03-12 09:46:43,0,labeled_reviews_raw,Negative,Negative,Negative,Negative
kourtly dentley,1,dont order water time never came win order price went,2026-03-09 15:51:48,1,labeled_reviews_raw,Negative,Negative,Negative,Negative
Toni Dawn Moore,4,never stopped yet,2026-03-12 21:24:39,0,labeled_reviews_raw,Negative,Positive,Negative,Negative
Gary Shaw,3,ok play game shop really not,2026-03-12 08:08:25,0,labeled_reviews_raw,Positive,Neutral,Negative,Positive
Travis Campbell,2,good,2026-03-09 02:27:46,0,labeled_reviews_raw,Positive,Negative,Positive,Positive
sathish malamkunnu,1,price good them better aliexpress,2026-03-08 21:31:38,1,labeled_reviews_raw,Neutral,Negative,Positive,Neutral
Angie,1,price not honest add cart select shipping price become higher careful dishonest marketing tell one cheap price charge purchase item,2026-03-09 23:47:09,1,labeled_reviews_raw,Negative,Negative,Negative,Negative
Abba abdullahi,5,god pp,2026-03-08 22:25:24,0,labeled_reviews_raw,Positive,Positive,Neutral,Positive
Dash Mxt,1,your need product quickly may get heart attack co take forever may even forget think scar,2026-03-12 19:19:55,0,labeled_reviews_raw,Negative,Negative,Neutral,Negative
Sara J,1,no register account,2026-03-11 11:22:59,0,labeled_reviews_raw,Negative,Negative,Neutral,Negative
--,1,in not registered goose email address forcing useless not can sign anymore can write email address aliexpress reading goose play email violating gdp,2026-03-09 22:52:26,1,labeled_reviews_raw,Negative,Negative,Negative,Negative
Rick Hess,5,far everything ordered fine order thing need,2026-03-08 19:14:09,0,labeled_reviews_raw,Positive,Positive,Neutral,Positive
Hazator,1,there no new suggestions u ever search click one product till haunt u forever recommendation everything related would showed u even u interest,2026-03-08 04:26:35,1,labeled_reviews_raw,Neutral,Negative,Neutral,Neutral
Kayanat Anika,1,honestly think problem cut can download,2026-03-12 23:21:40,0,labeled_reviews_raw,Negative,Negative,Negative,Negative
Akun John,4,thumb his way turn dark theme mode pp,2026-03-07 02:14:24,0,labeled_reviews_raw,Neutral,Positive,Neutral,Neutral
Herby Osbourne,1,horrible customer service locked account wont give reason help get back,2026-03-08 13:09:19,0,labeled_reviews_raw,Negative,Negative,Negative,Negative
Ethel Reid,1,not letting pick want,2026-03-11 04:43:07,0,labeled_reviews_raw,Negative,Negative,Negative,Negative
adamebrahiem 6,1,terrible keep saying account freezing account risk registration,2026-03-09 15:16:40,0,labeled_reviews_raw,Negative,Negative,Negative,Negative
Benjamin Brewer,4,like pp good,2026-03-11 08:53:13,0,labeled_reviews_raw,Positive,Positive,Positive,Positive
Ruth Mawson,1,account locked give never used aliexpress download thing your account locked tried sign wouldn email phone number first no up code suddenly in aliexpress site go look something please sign phone number please enter valid phone number enter time up code front please enter valid phone number never uninstalling,2026-03-12 00:58:13,2,labeled_reviews_raw,Negative,Negative,Negative,Negative
a7med_fix,1,take item returned refund unfortunately first take item refuse refund cheating unfortunately bad customer service money 1050 us dollar gone not give life,2026-03-08 05:00:26,0,labeled_reviews_raw,Negative,Negative,Negative,Negative
John Ogba,1,bad experience bought face damaged glass no compensation wasted 3299 nothing not use video camera glass twice stopped charging sudden glass pulled lens disappointed customer service said can not anything mean dispose glass lose money continue give bad feedback nothing done,2026-03-12 09:40:26,0,labeled_reviews_raw,Negative,Negative,Negative,Negative
Ankur Jain,1,simple word pathetic experience aliexpress best whoever using portal,2026-03-12 01:40:07,0,labeled_reviews_raw,Negative,Negative,Positive,Negative
Gerri Cooper,1,give enough purchasing thing item come totally different purchased not coming get refund without even let know not coming in not shopping anymore seller cook false advertising straight not good platform buy thing give one star there no less one,2026-03-10 00:51:45,1,labeled_reviews_raw,Negative,Negative,Neutral,Negative
Ben Hunt,1,dont honor fast ship program get run around spend extra dollar get tic to shop,2026-03-08 12:35:23,0,labeled_reviews_raw,Negative,Negative,Neutral,Negative
roger whittle,4,positive overall sometimes confusing,2026-03-08 11:19:38,0,labeled_reviews_raw,Positive,Positive,Neutral,Positive
Michael K,1,aliexpress reached new low not fail deliver combined shipment multiple item also provided false cracking information papal block legitimate refund support nonexistent buyer protection complete fabrication excavating fraudulent transaction credit card company force chargeback not trust platform money lie payment processor avoid taking responsibility,2026-03-12 10:28:27,1,labeled_reviews_raw,Negative,Negative,Negative,Negative
Jesson,1,brought faulty item refused credit refund unable submit video picture due site not accepting file even though format correct uninstalling mere 12,2026-03-12 12:23:59,0,labeled_reviews_raw,Negative,Negative,Negative,Negative
FRITOSPORT,1,summer fraud protect seller store never ship product provide face cracking number senior team never help get refund item never delivered provide proof yet never help company doesn honor day refund rule stay away thief,2026-03-07 15:46:25,1,labeled_reviews_raw,Negative,Negative,Negative,Negative
Bertha Mata,5,love continue order update haven purchased anything year someone used into purchased 200 dollar worth stuff installed pp miss ali,2026-03-08 19:08:19,0,labeled_reviews_raw,Negative,Positive,Positive,Positive
Eric Laforge,1,always get slammed always find way,2026-03-10 23:15:15,198,labeled_reviews_raw,Positive,Negative,Neutral,Positive
Emily Coleman,5,everything cheap easy order receive time always good product,2026-03-12 01:45:45,0,labeled_reviews_raw,Positive,Positive,Positive,Positive
Kim Barber,5,good far,2026-03-08 04:08:52,0,labeled_reviews_raw,Positive,Positive,Positive,Positive
Faith McLean,5,love aliexpress there much better another online place buy stuff buy something 2 dont spend 20 like webster far not disappointed anything bought bought lot stuff month half give bought 100 item not,2026-03-11 23:58:23,0,labeled_reviews_raw,Negative,Positive,Negative,Negative
Anthoz Duppiez,4,love pp,2026-03-10 09:31:45,0,labeled_reviews_raw,Positive,Positive,Positive,Positive
S Marie,1,twice never received item never given refund courier never presented proof delivery time said item delivered hit miss good luck in 70 buck told needed provide proof never received item where delivery proof picture scar artist edit contracted aliexpress help center everyday almost 3 week spent hour wasting time no ill never buy anything ever please dont waste time money people,2026-03-08 12:52:49,0,labeled_reviews_raw,Negative,Negative,Negative,Negative
Leashanta Chism,1,wish could give minus package stolen even police report couldn get refund,2026-03-12 01:02:10,0,labeled_reviews_raw,Negative,Negative,Neutral,Negative
Davis Ron,5,good pp,2026-03-09 03:54:02,0,labeled_reviews_raw,Positive,Positive,Positive,Positive
Rubysu aka Natalie Debler,3,first package arrived counterfeit postage pay extra 1375 get local post office hope 2 not happen way,2026-03-12 21:38:03,0,labeled_reviews_raw,Negative,Neutral,Negative,Negative
Kinsley,5,love,2026-03-10 01:40:24,0,labeled_reviews_raw,Positive,Positive,Positive,Positive
Jo Carbonell,1,order window tint two week ago still nothing guess delivery person wanted package decided not fill order keep moneywhy think thing cheap advertisingthey keep money,2026-03-11 17:23:22,0,labeled_reviews_raw,Negative,Negative,Negative,Negative
Liam Schrape,1,buyer beware bought leg style brick building kit son time purchase finally started working quality poor even adult assistance toy would fall apart slightest movement even trying add next piece model aliexpress seller mi a toyneither take responsibility make goodwill refund credit moral story check purchase quality quickly receive,2026-03-09 07:04:42,0,labeled_reviews_raw,Negative,Negative,Negative,Negative
Kandis Nikol Marek (BATMAN),2,all making pp like them dont much like can order want that dont need anymore apes like them them suck dont them,2026-03-07 18:30:10,1,labeled_reviews_raw,Negative,Negative,Negative,Negative
Mairaj Aslam,2,high tax pp without tax disappointed,2026-03-07 20:22:13,0,labeled_reviews_raw,Negative,Negative,Neutral,Negative
Adam,1,paid 3 up deal delivery driver put bin without notice refused up can get anything in asking get bundledeal back,2026-03-07 15:29:54,0,labeled_reviews_raw,Neutral,Negative,Neutral,Neutral
Lio B10,1,3 package never received arrived wrong city no one answered 4 mail sent back no refund aliexpress take no responsibility never order,2026-03-11 21:57:21,0,labeled_reviews_raw,Negative,Negative,Negative,Negative
Ti to,5,شكرا لجهودكم,2026-03-10 23:33:12,0,labeled_reviews_raw,Negative,Positive,Neutral,Negative
See Ro,5,lamp è meravigliosa vogliamo di novo per naevi tent lofferta del 099 pure 3 article con 3 di discount,2026-03-12 07:21:47,0,labeled_reviews_raw,Neutral,Positive,Neutral,Neutral
Charles Jenkins,5,like pp give couple day better survey,2026-03-12 20:00:07,0,labeled_reviews_raw,Positive,Positive,Neutral,Positive
Benjamin Van Dermark,1,3 item welcome gift get 3 pay 1 got canceled late dont get thing ordered lost welcome deal,2026-03-09 23:32:33,1,labeled_reviews_raw,Negative,Negative,Negative,Negative
Patryk,4,na strange z punktami pokazują sir loose zniżki których lie da sir uzyskać mon utrudnia zakupy edit okazało sir he procentowa aniska book products uwzględnia ten upon zniżkowy lie talk unity naval uważam he lie powinno take by to jest iron punt book zniżki,2026-03-10 12:11:14,0,labeled_reviews_raw,Negative,Positive,Neutral,Negative
Promise Abumere,1,slammed aliexpress seller accept partial refund defective item yet aliexpress refused no refund complete led screen purchase fame doesn fit pouch doesn touch well followed instruction fix not case complaining overhearing frame side heat sink frame small unlike original screen part not touch try another screen different screen order worked,2026-03-10 20:18:45,1,labeled_reviews_raw,Negative,Negative,Negative,Negative
Billy Pierce,1,no good,2026-03-07 20:57:37,0,labeled_reviews_raw,Negative,Negative,Positive,Negative
J R,3,great thing cheap thing suck delivery live building leave lobby floor anyone take not front door,2026-03-07 16:47:47,0,labeled_reviews_raw,Negative,Neutral,Neutral,Neutral
GTepanator,1,pp kept sending one star trouble,2026-03-10 12:59:45,1,labeled_reviews_raw,Positive,Negative,Neutral,Positive
Falodun Akinwale,4,nice appear good genuine product vendor good,2026-03-12 19:48:10,0,labeled_reviews_raw,Positive,Positive,Positive,Positive
Nyanda,2,people summer buy something come bulk one like turquoise ring come one size mix come 2030pcs not received dont show mysteriously blame carrier item bought single item set oh show fine no problem dont want refund back anything not honest godly people facade sale product,2026-03-12 18:47:06,1,labeled_reviews_raw,Negative,Negative,Negative,Negative
D Bier,1,absolute garage dint suggest pp make purchase 50 stolen lose money time vanity no customer service there even less low quality item tried get refund stolen package 5 time said prove one prove shook person hand met pp stupid painless go them,2026-03-11 13:52:46,0,labeled_reviews_raw,Negative,Negative,Neutral,Negative
Davnar Ragnar,1,pp either broken designed deliberately deceive customer spent time building bundle checked list went ahead purchase find item disappeared leaving 10 poorer quality item purchase price given 20 item no way trace transaction see itemised receipt purchase must deal ali express via webster secure brother not install pp,2026-03-08 02:01:10,0,labeled_reviews_raw,Negative,Negative,Negative,Negative
Steven Brookshire,2,item purchased came expected great price not get two free item first time buyer never came delete cart promise never fulfilled unsatisfied main reason even started needed item going get bag also liked,2026-03-09 08:32:36,0,labeled_reviews_raw,Negative,Negative,Negative,Negative
Rahl Gadu,5,למה of of מוריד of ניסיתי of 24 שאות אפילו יתמול,2026-03-12 16:48:37,0,labeled_reviews_raw,Negative,Positive,Neutral,Negative
Tammy Skifstad,5,useful,2026-03-11 03:40:25,0,labeled_reviews_raw,Positive,Positive,Neutral,Positive
Irina kalpacka,5,страхотно,2026-03-07 21:45:13,0,labeled_reviews_raw,Neutral,Positive,Neutral,Neutral
Eric Thomas,5,great pp easy use discount applied automatically fast shipping local store even faster delivery,2026-03-09 05:17:33,0,labeled_reviews_raw,Positive,Positive,Positive,Positive
Pedram Rezaeian,1,pp fraud snatched price approved 38 end 48 shipping time take age charging 10 tax well third time definitely last time ordered something pp ill make sure nobody else know make mistake reliable unworthy time misleading price meanwhile put quality aside,2026-03-08 04:15:44,0,labeled_reviews_raw,Negative,Negative,Neutral,Negative
Simon Jewry,1,rubbish scar pp get burnt didn want give one star not able seems stupid no star,2026-03-07 16:13:24,1,labeled_reviews_raw,Negative,Negative,Negative,Negative
Coems,1,ordered charge waited 10 day arrived county order unsucesfull,2026-03-11 08:54:13,1,labeled_reviews_raw,Negative,Negative,Neutral,Negative
Ammar M.Ahmad,5,nice pp,2026-03-11 16:56:04,0,labeled_reviews_raw,Positive,Positive,Positive,Positive
Michael M,1,horrible pp customer service,2026-03-10 01:08:04,1,labeled_reviews_raw,Negative,Negative,Negative,Negative
Adina L,5,many item see different vendor sure read product review use common sense find great item thing not work like expected customer service help amazing,2026-03-11 21:55:53,1,labeled_reviews_raw,Positive,Positive,Positive,Positive
Mellissa Cecil,5,fast shipping great product,2026-03-07 03:25:27,0,labeled_reviews_raw,Positive,Positive,Positive,Positive
Matas Matas,5,good pp in not going lie found garage item could explode easily,2026-03-11 13:54:08,0,labeled_reviews_raw,Positive,Positive,Neutral,Positive
Christopher Atkin,5,thought going like wish them make wild claim free stuff discount buck widest thing happened though telling truth agent making extravagant claim like others one making honor whole family ordering long shipping time downside not even enough knock star tell advance long take,2026-03-11 23:56:47,0,labeled_reviews_raw,Positive,Positive,Negative,Positive
Enrique El Sato de Hato Rey,2,prefer webster pp buggy doesn offer much,2026-03-10 13:31:02,1,labeled_reviews_raw,Negative,Negative,Neutral,Negative
Joni Shkembi,1,high price selling diamond,2026-03-12 13:05:50,0,labeled_reviews_raw,Negative,Negative,Neutral,Negative
tjan putri,1,honestly haven experience pp couldn use live indonesia download shopping pp saw cut bag pp opened need choose country region live right searched country indonesia saw neighbouring country malasha couldn experience full shopping experience hope could add indonesia pp please,2026-03-11 15:12:44,1,labeled_reviews_raw,Negative,Negative,Neutral,Negative
Karel Zegers,3,mostly good advertising behaviour seller pretty bad advertising product price actually ordered change much higher cost example mitutoyo digimatic merrier memory card seller others no response query request explanation shady behaviour not well dealt aliexpress complained disappointing otherwise good site,2026-03-08 07:27:35,0,labeled_reviews_raw,Negative,Neutral,Negative,Negative
Chris Diera,1,gave broken mess toy black suit action figure,2026-03-07 06:42:54,0,labeled_reviews_raw,Negative,Negative,Negative,Negative
Chris Smith,1,installed 12 form payment couldn go,2026-03-09 09:57:23,0,labeled_reviews_raw,Negative,Negative,Neutral,Negative
Paris Tunc,1,crime gang,2026-03-12 04:52:53,0,labeled_reviews_raw,Neutral,Negative,Neutral,Neutral
Philip Brady,5,really positive 95 the vendor,2026-03-08 10:33:57,0,labeled_reviews_raw,Positive,Positive,Neutral,Positive
Trevor Thornborough,3,complicated device system follow time annoying part contact repeatitive failing including immediately straight finished ordering get good there trying encourage purchase damn annoying,2026-03-07 05:47:56,0,labeled_reviews_raw,Negative,Neutral,Positive,Negative
Nunya Biz,5,apparently set setting ratification turn specific one hate slammed company ignores dont need notified 5 time day think need know fingernail slipper sale stop,2026-03-12 22:42:39,4,labeled_reviews_raw,Negative,Positive,Negative,Negative
Dontae Hufflin,5,awesome service never single issue send advertised every single time can beat price product them wish nothing aliexpress,2026-03-11 21:14:59,0,labeled_reviews_raw,Positive,Positive,Negative,Positive
Colin Crowley,1,shortest pp service ask photo bank card id illegal au closed,2026-03-08 16:37:29,1,labeled_reviews_raw,Negative,Negative,Neutral,Negative
Hard Catz,1,worst experience try purchase apostle transaction obey played split tabbythe big big problem delivered waiting almost months chat courier no codethey mark delivered dont received anything try contact sellerand ask arefundthey refusethey said show deliveredthe big question purchase february i paid february but cracking number bought january how come,2026-03-09 08:34:06,0,labeled_reviews_raw,Negative,Negative,Negative,Negative
CRO stress,1,support total joke suggest use pp one edit trying contact support 2 open case getting robotic answer 20 time nobody read anything total joke avoid aliexpress,2026-03-08 14:39:18,0,labeled_reviews_raw,Negative,Negative,Neutral,Negative
Katelyn Selvaggio,2,bought pair earbuds charge completely broken dont work also bought stuff arrived broken unable,2026-03-10 02:58:21,2,labeled_reviews_raw,Negative,Negative,Negative,Negative
David GIlmore,5,excellent,2026-03-10 06:11:11,0,labeled_reviews_raw,Positive,Positive,Positive,Positive
Eric Malcomb,1,nightmare deal placed order saw shipped colorado tried track said didn order even though confirmed papal first email got back said found order able track want contact customer service tell order doesn exist account use different one ever one account wont give refund,2026-03-09 18:29:16,1,labeled_reviews_raw,Negative,Negative,Neutral,Negative
Keno Ken,1,worst customer service world keep repeating answer ignoring customer completely also allow many counterfeit fraudulent item like to thumb drive 5 dont refuse take obvious scar seem encourage zero care user,2026-03-10 15:46:49,1,labeled_reviews_raw,Negative,Negative,Negative,Negative
King Cardigan,4,terrible experience z fold samson device pp cool fold well say confusing confusing can not describe except look like two aliexpress apes running side side dont know one use annoying,2026-03-11 02:26:43,0,labeled_reviews_raw,Negative,Positive,Negative,Negative
A Mamun,1,full fraud scar seller essaying never comfortable always mixed promotion message,2026-03-09 15:39:22,1,labeled_reviews_raw,Negative,Negative,Negative,Negative
Mark Santiago,1,useless pp especially help center order not ship,2026-03-07 01:53:16,1,labeled_reviews_raw,Positive,Negative,Negative,Negative
Candy Biehle,1,never got stuff paid watch daughter jerrika kid cup cap head passed please fix problem,2026-03-12 14:12:58,0,labeled_reviews_raw,Negative,Negative,Negative,Negative
Muhammadu Abubakar abdu,5,good pp order thing,2026-03-07 09:49:17,0,labeled_reviews_raw,Positive,Positive,Positive,Positive
Kimberly Dumas,1,sell credit card number,2026-03-11 04:25:58,0,labeled_reviews_raw,Positive,Negative,Neutral,Positive
Meyola chudasama,1,order stuff st time customer never received tried get refund also impossible well never use pp shop,2026-03-10 01:16:48,1,labeled_reviews_raw,Negative,Negative,Negative,Negative
Karl Carroll,3,need pp track package can online brother exactly,2026-03-12 18:00:39,0,labeled_reviews_raw,Neutral,Neutral,Neutral,Neutral
Phil,1,trying get simple refund something clearly not going delivered ordered long time ago instead simply defending money less 3 getting big runaround stupid little not not refund money least think wont time in finished aliexpress there going wish refused,2026-03-10 11:37:23,1,labeled_reviews_raw,Negative,Negative,Negative,Negative
Andy Nisbet,1,passively reduce painless animation nobody want there not necessary make using pp endurance rather enjoyment,2026-03-07 18:45:13,1,labeled_reviews_raw,Negative,Negative,Negative,Negative
Tia Cummings,5,great pp love,2026-03-10 04:53:59,0,labeled_reviews_raw,Positive,Positive,Positive,Positive
