userName,score,content,at,thumbsUpCount,source,app,score_based,rule_based,final_label
Cannon “Cannon”,1,everything seems to be rip offs of another product and this doe lead to uninformed customer buying product with incorrect description if your getting what you wanted i simply dont believe you spent hundred nothing authentic and nothing made it this far without a broken piece or similar issue,2026-02-25 18:06:48,2,ali-express_reviews,unknown,Negative,Negative,Negative
azka asim,5,very fast delivery product also good no damage,2026-03-12 10:48:21,0,temu_reviews,unknown,Positive,Positive,Positive
tracy nyaoro,5,excellent,2026-02-26 14:46:00,0,ali-express_reviews,unknown,Positive,Positive,Positive
Darla Hamilton,1,change payment card getting thing not ordered trying to change my payment method,2026-03-11 21:57:06,0,temu_reviews,unknown,Negative,Negative,Negative
mdad mia,5,good,2026-02-24 21:47:51,0,noon_reviews,unknown,Positive,Positive,Positive
Ethel Reid,1,it not letting me pick what i want,2026-03-11 04:43:07,0,ali-express_reviews,unknown,Negative,Negative,Negative
Donald K,1,recent update crashed everything everything is out of stock or the page doesnt loadshows error thing are slow to load a well,2026-03-05 23:36:58,0,amzon_reviews,unknown,Negative,Neutral,Negative
Cam & Family,5,ali is a great app for almost anything you need item i have purchased have all been exactly what i asked for and wanted and they last a longtime,2026-03-06 16:21:07,0,ali-express_reviews,unknown,Positive,Positive,Positive
Mellissa Cecil,5,fast shipping great product,2026-03-07 03:25:27,0,ali-express_reviews,unknown,Positive,Positive,Positive
Doc Jackson,1,this is now riduculous bought a genuine leather jacket from seller wellsome when it arrived it obvioulsly wasnt made from leather it also had a label in it which i translated via google translate which clearly stated the jacket wa 92 polyester and 8 spandex i immediately contacted ali who ignored this absolute evidence of fraud instead they allowed the seller to continue selling fake while repeatedly refusing my claim i went to my credit card company who gave me a refund,2026-02-18 21:12:24,3,ali-express_reviews,unknown,Negative,Negative,Negative
Marchand franklin Arends,5,i love my order it very nice,2026-03-12 13:52:44,0,temu_reviews,unknown,Positive,Positive,Positive
Sophia Hamilton,5,i bought the boneless couch an it is amazing great buy,2026-03-11 23:45:06,0,temu_reviews,unknown,Positive,Positive,Positive
kenda bradford,1,i used to love ordering from here but now they have cancelled order that have no reason to be cancelled and they still havent refunded my money for an order they cancelled so until they do it one star,2026-03-11 17:10:57,1,amzon_reviews,unknown,Negative,Positive,Negative
Mr and miss Whitcher,5,good,2026-03-07 20:33:02,0,amzon_reviews,unknown,Positive,Positive,Positive
ERIC GRINSTEAD,3,temu your company is great but some of your vendor need to follow your company policy and regulation that will make your client shopping great,2026-03-11 23:21:08,0,temu_reviews,unknown,Neutral,Positive,Neutral
Ross Belknap,5,awesome,2026-03-12 11:12:31,0,temu_reviews,unknown,Positive,Neutral,Positive
Chuck Evans,1,random add to last order got me thought i put in cart rufus ai is improving when it will start search review is gone price change notice vanish let me get them back lightning deal and used item dont have buy now change item sizecoloretc very slow too many review are not for listed product too much junk ha 4 star for another product need unit price filter sort please need a dark theme fix these id give it 5 star wa buy now never buy extended warranty,2026-03-11 02:08:10,83,amzon_reviews,unknown,Negative,Negative,Negative
MKII,3,really buggy and slow app customer service with agent feel like ai or a bot waiting for return after received an item that incorrectly advertised seller ignore you or deny their mistake they really changed my thought about chinese people let hope i get money back,2026-02-28 02:13:13,1,ali-express_reviews,unknown,Neutral,Neutral,Neutral
Fahad Al Maliki,2,they have some problem if you return item they not return back will not buy something expensive it piece of advice your money they will fly awy,2026-02-24 19:12:46,1,ali-express_reviews,unknown,Negative,Negative,Negative
Ali Raza,5,good store great alipay mpay gpay,2026-03-04 03:50:34,0,ali-express_reviews,unknown,Positive,Positive,Positive
Reg Lynn,3,it keep crashing,2026-03-08 18:41:54,1,amzon_reviews,unknown,Neutral,Neutral,Neutral
Sue White,3,im annoyed that before placing an order it say one delivery date and then after the order is placed it ha a different date later,2026-03-06 01:10:14,0,amzon_reviews,unknown,Neutral,Neutral,Neutral
Atanda Raji,5,i love temu dey deliver exactly what i got,2026-03-12 06:34:16,0,temu_reviews,unknown,Positive,Positive,Positive
Ms. Williams,1,do not like the update why why why do you have to add an item to the cart to see detail and price worse update ever if i can give 0 star i would,2026-03-06 00:22:31,1,amzon_reviews,unknown,Negative,Negative,Negative
Prakash H,4,good offer,2026-03-03 14:51:36,0,noon_reviews,unknown,Positive,Positive,Positive
Catherine Gladwyn,5,it great no complaint at all,2026-03-06 20:59:32,0,ali-express_reviews,unknown,Positive,Positive,Positive
Arsh Singh,5,deep,2026-03-11 22:44:48,0,temu_reviews,unknown,Positive,Neutral,Positive
rebecca padgett,5,get me in trouble but i love the app,2026-03-12 18:40:32,0,temu_reviews,unknown,Positive,Positive,Positive
Adeel Sarwar,4,this is a very good app,2026-03-10 01:22:05,0,noon_reviews,unknown,Positive,Positive,Positive
Elizabeth Elias,4,all good,2026-03-10 14:15:01,0,amzon_reviews,unknown,Positive,Positive,Positive
Syedhamid Ali,5,very good,2026-03-07 06:18:07,0,noon_reviews,unknown,Positive,Positive,Positive
Juan Mejia,5,great deal great product good experience to buy here,2026-03-10 20:01:31,0,amzon_reviews,unknown,Positive,Positive,Positive
Wurmi,5,app ist einfach zu bedienen und die produkte die man bestellt werden zuverlässig geliefert hatte bi jetzt keine probleme und bin zufrieden mit der app,2026-03-11 22:06:10,0,temu_reviews,unknown,Positive,Neutral,Positive
Santosh,4,good,2026-03-04 13:41:34,0,noon_reviews,unknown,Positive,Positive,Positive
MD Lokman Mia,5,good,2026-03-05 22:02:16,0,noon_reviews,unknown,Positive,Positive,Positive
Colin Crowley,1,shortest app and service they ask for photo of bank card and id which is illegal in au should be closed down,2026-03-08 16:37:29,1,ali-express_reviews,unknown,Negative,Neutral,Negative
Sam Fall,1,ha gone downhill in recent year i have been a loyal customer since 2010 the dispute process ha become overcomplicated and some courier used like cainao are not reputable they mark parcel a being delivered and do not respond to enquiry if you order from this platform ensure the seller is using imile courier they provide photo a proof of delivery edit any appeal or escalation end in the same way item that arrive faulty or damaged good luck trying to go through the dispute,2026-02-16 23:40:25,3,ali-express_reviews,unknown,Negative,Neutral,Negative
Lauren,3,amazon went down hill when they started letting anyone sell and ship item,2026-03-05 02:13:51,0,amzon_reviews,unknown,Neutral,Neutral,Neutral
Md Tarik Anwar,5,very good,2026-03-04 16:45:32,0,noon_reviews,unknown,Positive,Positive,Positive
Katie Hudson,2,everything seems reasonably priced they have a lot of pop up ad that doesnt seem to be true to me they offer an amount of credit that you can spin the wheel and receive a cash or credit on your account but once you are ready to pay for the order you get nothing some would call it a scam i call it false advertisement dont plan on giving you nothing but the product that you buy and pay for dont fall for the credit gimmick that they promotes,2026-03-11 23:08:52,0,temu_reviews,unknown,Negative,Negative,Negative
Ehab Salama,5,best app,2026-03-08 16:19:58,0,noon_reviews,unknown,Positive,Positive,Positive
Claudette Henry,5,yes i will,2026-03-12 22:13:28,0,amzon_reviews,unknown,Positive,Neutral,Positive
Denise Mumbauer,5,i love temu most item i get are awesome some flaw with some item but you read the description fully and use your best judgement,2026-03-12 22:49:55,0,temu_reviews,unknown,Positive,Positive,Positive
George Corris,4,i like the way thing work with out the app,2026-02-21 19:09:41,0,ali-express_reviews,unknown,Positive,Neutral,Positive
Debbie Hurrell,5,i love temu had load of item and never had a problem well worth the money,2026-03-12 20:55:05,0,temu_reviews,unknown,Positive,Negative,Positive
Nomusa Mshololo,5,i love it so much,2026-03-12 06:27:23,0,temu_reviews,unknown,Positive,Positive,Positive
Larry Condra,1,screw amazon cant make an app for android tablet unbelievable online website is horrible i will be canceling my prime and moving to walmart have the same stuff and a lot of time at cheaper price and faster amazon promise of same day delivery next day delivery 2 day delivery it never happens by by amazon,2026-03-05 00:38:16,2,amzon_reviews,unknown,Negative,Negative,Negative
Andy Nisbet,1,massively reduce the pointless animation nobody want them and theyre not necessary they make using the app an endurance rather than an enjoyment,2026-03-07 18:45:13,1,ali-express_reviews,unknown,Negative,Negative,Negative
Angie,1,their price are not honest if you add to cart and select the shipping their price will become higher be careful this is dishonest marketing they tell you one cheap price then upcharge once you are about to purchase the item,2026-03-09 23:47:09,1,ali-express_reviews,unknown,Negative,Negative,Negative
Precious Chinecherem,5,ordering from temu is a sure deal,2026-03-12 22:23:15,0,temu_reviews,unknown,Positive,Neutral,Positive
Paul,2,buy again on the you tab ha never worked even across multiple device and a brand new phone cone on guy fix it already,2026-03-12 13:51:05,1,amzon_reviews,unknown,Negative,Negative,Negative
Jenny Wortham,5,temu ha been great so far they handle any problem professionally,2026-03-11 21:26:29,0,temu_reviews,unknown,Positive,Neutral,Positive
Afroja Jiva,5,it nice item and good to download service so fast and item good a well recommend to download,2026-03-04 07:54:26,0,ali-express_reviews,unknown,Positive,Positive,Positive
Vadim K,1,used to be a decent app however after they ditched tablet support it ha no use for me dumb move,2026-03-05 22:37:33,0,amzon_reviews,unknown,Negative,Neutral,Negative
Kelly McCloy,2,there too many bug in the app atm when i scroll thru the feed and click on an item not only is it super slow but it show a completely different item this then throw off the algorithm and then the feed continues to shoe item which arent of interest so i havent even been able to place my first order and get the benefit of the welcome deal because i give up looking out of frustration,2026-02-25 08:34:32,4,ali-express_reviews,unknown,Negative,Negative,Negative
Santiago Farero,1,not good anymore you can buy thing and there is no way to return faulty item and get refund back they keep asking you additional information,2026-02-16 17:28:10,0,ali-express_reviews,unknown,Negative,Neutral,Negative
Nandlal Jee,1,subject request to reinstate expired noon credit 2479sar technical issue dear noon support team i am a regular customer of noon and i am writing to request your assistance regarding my recently expired 2479 sar wallet credit i wa planning to use these credit for my current order of soybean seed but unfortunately i missed the deadline due to persistent technical issue with my mobile phone my device wa frequently hanging and freezing over the past few day which prevented me,2026-03-08 09:33:09,0,noon_reviews,unknown,Negative,Neutral,Negative
Jermaine Nelson,1,the reason i shop with walmart over amazon is a simple sign in issueit should never be that difficult to buy anything at all,2026-03-08 19:49:27,3,amzon_reviews,unknown,Negative,Negative,Negative
Klinsman Mensah,1,dont waste your time on this app youd just be wasting money delivery is bad product are bad listen and you will thank me later is a complete waste of time trust me,2026-03-12 19:09:55,0,temu_reviews,unknown,Negative,Negative,Negative
Marcie Graham,5,i love temu if i could hug temu i would,2026-03-11 21:47:33,0,temu_reviews,unknown,Positive,Positive,Positive
Colleen Henley,5,i really enjoy shopping with temu i have been happy with all my purchase,2026-03-12 18:39:37,0,temu_reviews,unknown,Positive,Positive,Positive
Pilar Castanuela,5,my favorite,2026-02-15 04:25:07,0,ali-express_reviews,unknown,Positive,Neutral,Positive
Muhammed Sohan,5,very good,2026-03-02 22:32:37,0,noon_reviews,unknown,Positive,Positive,Positive
Tina Wilson,5,i love temu,2026-03-12 14:43:07,0,temu_reviews,unknown,Positive,Positive,Positive
Mahmod Elfiki,5,جميل,2026-03-07 09:44:35,0,noon_reviews,unknown,Positive,Neutral,Positive
Taylor Burgin,2,a handy a amazon is the app is terrible about showing you item you are attempting to filter out when i search 100 cotton insert any clothing item the first item are always rayon or some other blendsemi or full synthetic material even with filtering material it still will not show what you are looking for what is the point of having a filter if it doe not filter,2026-03-07 19:56:22,0,amzon_reviews,unknown,Negative,Negative,Negative
Travis Hughes,2,horrible gamified app that bait you with offer that just vanish for bo reason store page that will completely change the item list while youre trying to pick item for their fake promotion causing item you may have been interested in to just disappear if you try to back up to find those item again the entire promotion being offered go away a if it never existed,2026-03-12 01:01:37,0,temu_reviews,unknown,Negative,Negative,Negative
Nay Nay,5,love it,2026-02-24 13:19:37,0,ali-express_reviews,unknown,Positive,Positive,Positive
karen douglas,5,love everything,2026-03-05 00:37:37,0,amzon_reviews,unknown,Positive,Positive,Positive
Karl Carroll,3,why do i need this app to track my package why cant i do it online through a browser exactly,2026-03-12 18:00:39,0,ali-express_reviews,unknown,Neutral,Neutral,Neutral
David Zakarea,1,the service wa extremely so bad,2026-03-10 12:15:11,2,amzon_reviews,unknown,Negative,Negative,Negative
Louis Baldacchino,5,very efficient,2026-03-12 18:56:57,0,temu_reviews,unknown,Positive,Neutral,Positive
Laticia Spears,5,perfect for dog,2026-03-12 16:52:02,0,temu_reviews,unknown,Positive,Positive,Positive
Falodun Akinwale,4,nice apphas very good and genuine product vendor are good,2026-03-12 19:48:10,0,ali-express_reviews,unknown,Positive,Positive,Positive
Matteo Sordi,1,terrible absolutely terrible customer service is either nonexistent or incompetent price are high compared to other similar platform delivery is slow not so much from china which take a while to ship but from european country for example a package wa only shipped to me and ha yet to arrive from france after two week product quality is always poor or doesnt match the description on the store page i can only advise against this app,2026-02-16 08:14:20,5,ali-express_reviews,unknown,Negative,Negative,Negative
Jabulani Sibiya,5,taxi driver,2026-03-12 20:44:25,0,temu_reviews,unknown,Positive,Neutral,Positive
Marius Tarzioru,1,is suck i got scam,2026-03-12 08:25:23,0,temu_reviews,unknown,Negative,Neutral,Negative
Dave,2,the add to delivery system doesnt work properly if you add something to an already set order to arrive with it there are chance that it just wont come that day but if you separately order it and it can be delivered the same day it will come no problem,2026-03-08 11:00:17,0,amzon_reviews,unknown,Negative,Negative,Negative
Ren Estelle,1,locked out before i could ever place an order 5 day appeal process which would prevent me from getting the new customer discount i use a vpn so at this point i think it just meant to discourage privacy dissappointing i wa really excited for the product they had,2026-03-02 02:28:38,0,ali-express_reviews,unknown,Negative,Neutral,Negative
rivaans beautyparlour,4,yo you solved racism bro,2026-03-06 23:23:48,0,amzon_reviews,unknown,Positive,Neutral,Positive
Qauzi Moen,5,good,2026-02-26 18:38:28,0,noon_reviews,unknown,Positive,Positive,Positive
Isra Al-hakim,3,not sure what is happening with the app lately but it ha been glitching a lot siging in ha become a real pain i keep signing in and it still tell me to sign in,2026-02-26 07:30:32,0,ali-express_reviews,unknown,Neutral,Negative,Neutral
Logan K,1,completely locked me out from the app because i have a tablet it 2026 figure your stuff out,2026-03-07 22:06:49,0,amzon_reviews,unknown,Negative,Neutral,Negative
renita wuyts,1,i downloaded the app and ordered a wedding dress and i specially checked if i can return the dress on the site it wa mentioned that you can return the order for free if you are not satisfiedbut i had very horrible experiencei didnt like the dress on me so i asked to return but the seller very bluntly said no you have to pay the return than after opening the dispute and discussing almost for 3 weeksi lost the case and all my money is wasted so ali express is not a good platform,2026-02-18 19:50:40,3,ali-express_reviews,unknown,Negative,Negative,Negative
Lilly Buys,2,doesnt really have anything of what people want but they have the most other random thing,2026-03-12 13:42:00,0,temu_reviews,unknown,Negative,Neutral,Negative
sravanthi dodda,1,i have negative expectation in this app please dont download this one there told free return available but there dont take return there will send damaged piece,2026-02-19 00:13:18,0,ali-express_reviews,unknown,Negative,Negative,Negative
Jenny,5,temu get such a mixed review by user but ive never had to send one thing back ive been more than happy with everything ive purchased just give them a go,2026-03-12 08:50:51,0,temu_reviews,unknown,Positive,Neutral,Positive
Anastasia Hasselman,1,why do i have to add the item to my cart to see the pricing,2026-03-05 22:45:31,0,amzon_reviews,unknown,Negative,Neutral,Negative
ahmed ismail,5,good,2026-03-06 19:54:57,0,noon_reviews,unknown,Positive,Positive,Positive
saravana kumar,5,good,2026-03-01 18:30:38,0,noon_reviews,unknown,Positive,Positive,Positive
J B,1,what is the point of overnight delivery if it doesnt show up on time thanks for nothing i dont know if anyone else ha noticed how the service quality is flat lining,2026-03-08 17:52:46,1,amzon_reviews,unknown,Negative,Negative,Negative
ahmed farhan,1,خدمة الارجاع سيئة جدا مفيش ارجاع والمناديب غير علي قدر المسئولية,2026-03-06 08:04:45,0,noon_reviews,unknown,Negative,Neutral,Negative
Joseph Rutherford,5,fantastic,2026-03-12 16:47:21,0,temu_reviews,unknown,Positive,Neutral,Positive
Burner,1,stop using speedx for delivery,2026-02-19 08:16:39,0,ali-express_reviews,unknown,Negative,Neutral,Negative
stephanie duda,1,since getting in touch with customer service is more complicated than calculus i have to say it here when i click find eligible item for same day delivery optionsstop defaulting to grocery if i want grocery ill buy them give me relevant same day item i would rather not get same day then have to put random grocery in my cart it wa perfect beforelet go of grocery youre closing all your store clearly you suck at retail grocery stop trying to force it,2026-03-05 00:03:06,1,amzon_reviews,unknown,Negative,Neutral,Negative
John Fleming,5,great service,2026-03-11 20:56:51,0,amzon_reviews,unknown,Positive,Positive,Positive
Afsan Ali,5,good service,2026-03-09 19:32:49,0,amzon_reviews,unknown,Positive,Positive,Positive
Shamshadshishamashal Yenquibu,5,thank you,2026-03-12 04:27:55,0,temu_reviews,unknown,Positive,Neutral,Positive
Sarina Stokes,5,love it so convenient,2026-03-07 05:07:10,0,amzon_reviews,unknown,Positive,Positive,Positive
Gary Shaw,3,it ok to play game and shop really not for me,2026-03-12 08:08:25,0,ali-express_reviews,unknown,Neutral,Negative,Neutral
Pushpitha kavinda,5,good,2026-02-28 10:29:21,0,ali-express_reviews,unknown,Positive,Positive,Positive
Delowar hossain,5,i use noon first time if noon give good service and give good quality product i will stay with noon long time,2026-03-03 21:31:54,0,noon_reviews,unknown,Positive,Positive,Positive
Sarifur Rahman,5,i like to order anything from here,2026-03-07 09:06:09,0,noon_reviews,unknown,Positive,Neutral,Positive
Hazator,1,there no new suggestionsif u ever search or click on one product itll haunt u forever in the recommendation and everything related to it would be throwed at u even if u uninterest them,2026-03-08 04:26:35,1,ali-express_reviews,unknown,Negative,Neutral,Negative
dina al hasan,1,there is no proper customer service on noon food i submitted a complaint and received no response this is not the first time i received the wrong item it keep happening and there is no clear way to speak to a representative very disappointing experience,2026-02-26 18:18:42,0,noon_reviews,unknown,Negative,Negative,Negative
Rickard Terfelt,3,update after yet another contact with aliexpress i got my refund however that cost a lot of time i have shopped a lot from ali in resent year and problem have mostly been resolved if proof of problem gave been given but now proof is not enough i got a obvoius scam a package with only wrapping in it no good at all several communication session with picture and video with ali and seller in wain still they now ask for more proof and disregarded my claim,2026-03-01 13:44:18,1,ali-express_reviews,unknown,Neutral,Negative,Neutral
Thomas Arthur,5,amazed,2026-03-12 07:25:11,0,ali-express_reviews,unknown,Positive,Neutral,Positive
FRITOSPORT,1,scammer and fraud they will protect a seller store that never ship your product they provide fake tracking number and their senior team will never help you get your refund for an item that is never delivered you can provide all of the proof and yet they will never help you at all this company doesnt honor their 20day or refund rule stay away from these thief,2026-03-07 15:46:25,1,ali-express_reviews,unknown,Negative,Negative,Negative
Mek,1,annoying ad,2026-03-12 23:27:03,0,temu_reviews,unknown,Negative,Neutral,Negative
S Gra,1,extremely cheap quality,2026-03-12 18:54:20,0,temu_reviews,unknown,Negative,Neutral,Negative
Suraj R,5,just amazing,2026-03-12 17:23:20,0,temu_reviews,unknown,Positive,Positive,Positive
Ahmed Adel,1,خدمه العملاء زباله السيستم زباله ولو حصل مشكله في الاوردر مفيش ريفند,2026-03-05 08:48:51,0,amzon_reviews,unknown,Negative,Neutral,Negative
Brenda Hale,5,variety a n d return policy,2026-03-12 01:48:13,0,temu_reviews,unknown,Positive,Neutral,Positive
Carole Lindsell,2,dismal,2026-03-06 13:27:58,0,amzon_reviews,unknown,Negative,Neutral,Negative
Norma Cross,5,very good i like it amazon,2026-03-10 17:37:24,0,amzon_reviews,unknown,Positive,Positive,Positive
John Atkinson,1,to much stupid game l just wish to look around ser what for sale,2026-03-12 08:29:06,0,temu_reviews,unknown,Negative,Neutral,Negative
Norbert Gal,1,my parcel got lost by evri had an email confirming this and still aliexpress said not enough proof to get a refund money gone im wasting my time chasing up on refund they should talk to each other,2026-02-21 11:04:29,2,ali-express_reviews,unknown,Negative,Negative,Negative
Johanna Labahn,5,love the convenience,2026-03-11 04:28:54,0,amzon_reviews,unknown,Positive,Positive,Positive
taimur abbasi,3,very nice but sometimes the image of the item dont load,2026-02-22 17:56:32,0,ali-express_reviews,unknown,Neutral,Neutral,Neutral
vijith kumar,5,good shopping cartcheap priceand good qualityvalue for money,2026-03-12 16:17:29,0,temu_reviews,unknown,Positive,Positive,Positive
Tamara,2,why doe this show option that arent even available it frustrating and idiotic,2026-03-05 23:43:50,0,amzon_reviews,unknown,Negative,Neutral,Negative
Shahlom BD,5,good,2026-03-05 05:33:07,0,noon_reviews,unknown,Positive,Positive,Positive
Somnang Sam Tim,5,good product,2026-03-07 04:27:19,0,amzon_reviews,unknown,Positive,Positive,Positive
Yahya Mohammed,5,افضل تطبيق في مجال التسوق أونلاين التطبيق سهل ومريح وكمان خدمه العملاء والاسترجاع والحاجات اللي زي كده ممتازه,2026-02-26 16:43:38,0,noon_reviews,unknown,Positive,Neutral,Positive
Teresa Lambert,1,they bug you to death about picking free or low cost item then you have to buy item to make up for the low cost item then they dont mail your free or low cost item very disappointed,2026-03-12 08:53:35,0,temu_reviews,unknown,Negative,Negative,Negative
Rohit,5,exilent,2026-03-02 21:09:28,0,noon_reviews,unknown,Positive,Neutral,Positive
Jared,1,just use the website if youre reading this the app ha awful ui and that rufus ai is not needed but the icon is forever at the bottom right and easy to accidently tap no dark mode either this app came with my phone and can not be deleted which make me wish for a zero star rating for thing forced that arent useful,2026-03-05 23:45:38,0,amzon_reviews,unknown,Negative,Negative,Negative
Joannie Cash,5,i dont have a cellphone to get my password,2026-03-11 23:07:03,0,temu_reviews,unknown,Positive,Negative,Positive
Tokuijin,1,i still havent received my refund and the customer service is abysmal,2026-02-21 12:36:59,3,ali-express_reviews,unknown,Negative,Neutral,Negative
Thamer Alhashimi,1,why no dark mod,2026-03-09 04:26:57,1,amzon_reviews,unknown,Negative,Neutral,Negative
Shafqat Nadeem,1,good,2026-02-25 01:38:48,0,noon_reviews,unknown,Negative,Positive,Negative
Archie Barham,3,these so called winning offer are a bunch of b do yourself a favor and skip the promotion,2026-03-11 21:53:38,0,temu_reviews,unknown,Neutral,Neutral,Neutral
Dmar Mak mafe,5,good app,2026-03-12 16:09:07,0,noon_reviews,unknown,Positive,Positive,Positive
Remoon Kamal,5,very good application,2026-03-02 10:25:19,0,noon_reviews,unknown,Positive,Positive,Positive
Rhonda Neal,5,9 out of 10 because sometimes the order are wrong probably human error but all in all great service,2026-03-06 12:56:32,0,amzon_reviews,unknown,Positive,Neutral,Positive
Mohammad Mahadi,4,good,2026-03-05 05:29:02,0,noon_reviews,unknown,Positive,Positive,Positive
Time N Fate Int'l,4,they play too muchwith the word freenice productsbut i feel like im a casino instead of a shopping site i dont gamble but no complaint about my delivery of order they do come through nicely,2026-03-12 22:46:56,0,temu_reviews,unknown,Positive,Negative,Positive
Trenton Tanner,5,great glass,2026-03-12 23:43:06,0,temu_reviews,unknown,Positive,Positive,Positive
stephen amos,5,good range of product,2026-02-24 15:49:30,0,ali-express_reviews,unknown,Positive,Positive,Positive
chris cueto,1,this new update ha pretty much ruined the app,2026-03-05 23:43:35,0,amzon_reviews,unknown,Negative,Neutral,Negative
Mr Munazir,5,good,2026-03-06 12:56:18,0,noon_reviews,unknown,Positive,Positive,Positive
Robinette Brown,1,negative 1 million to the fullest it funny how amazon ha supervisor and manager that can not resolve issue but can only take feedback to me thats a waste of money and they should be eliminated i have tried over and over to resolve my account issue with this dysfunctional organization and have gotten nowhere i have contacted the right organization that will help me with this issue and best believe i will never returnsuggest anyone to shop with these horrible people and organization,2026-03-08 16:03:24,0,amzon_reviews,unknown,Negative,Negative,Negative
Patrice Pearson,5,i love this site easy to shop on and they do deliverand you find whatever you are looking for on it good product and value for money,2026-03-11 21:02:11,0,amzon_reviews,unknown,Positive,Positive,Positive
David Wilson,4,great,2026-02-23 15:25:05,0,ali-express_reviews,unknown,Positive,Positive,Positive
Angela Alce,1,ive been to make the account ever since i download this appit is not working every single time is always being slow and it tell me that my account is locked and i have to regain accessi do every gmail i havethis is the worst app i ever had i dont even write viewsbut this is the worst app that i have to,2026-03-01 19:15:16,0,ali-express_reviews,unknown,Negative,Negative,Negative
Michelle Grooms,5,it great to get 3 item for 99 cent,2026-02-27 15:53:00,0,ali-express_reviews,unknown,Positive,Positive,Positive
Mohaimen Macala,5,,2026-03-04 02:51:22,0,noon_reviews,unknown,Positive,Neutral,Positive
Clynt Barker,1,order placed but no tracking available notification to say delayed but still unable to track let alone find which courier is being used system just loop you in circle without actually finding a solution or answer stick to tried and tested sa service rather,2026-03-12 22:47:10,0,amzon_reviews,unknown,Negative,Neutral,Negative
Safina Nadeem,3,long time taking in order specially when getting involve tabby and tamara,2026-03-10 07:51:35,0,noon_reviews,unknown,Neutral,Neutral,Neutral
Carla Luke Fleee,5,item dont take but a week or two to arrive thing that i order always amazes me how well they look and work,2026-03-12 10:59:31,0,temu_reviews,unknown,Positive,Negative,Positive
M S (McSkindy),1,the app and the website are useless actually unusable i search for something and it give me multiple result except when i click on a result it say something went wrong i click on the next one something went wrong 5th or 6th result finally show me something but when i try to select an option underneath for type or style a blank menu pop up and never reveals anything no mater how much you refresh literally useless i wish i could cancel my prime again,2026-03-05 21:47:38,2,amzon_reviews,unknown,Negative,Negative,Negative
Muhammad Waqar,5,i love you noon amazing best online shopping,2026-03-04 11:38:04,0,noon_reviews,unknown,Positive,Positive,Positive
Cyber boy,4,i made a lot of purchase from aliexpress it quite good experience but lately im facing a difficulty with a shipping fee that for 1 item shipping is like 50 and even more so please try fixing that,2026-03-05 08:05:48,0,ali-express_reviews,unknown,Positive,Positive,Positive
Devker Srinivas,5,it good,2026-03-06 16:36:16,0,noon_reviews,unknown,Positive,Positive,Positive
Roxanne Garrett,3,temu is out of china which bother me but i will buy when i feel i have a good price for a good product,2026-03-12 22:43:12,0,temu_reviews,unknown,Neutral,Positive,Neutral
Anthony,1,never got the product,2026-03-12 19:38:33,0,temu_reviews,unknown,Negative,Negative,Negative
robert Terrell,1,this is crooked a hell youre stealing from me google play is stealing from me how did my account stop using my account stop taking money out for amazon prime cancel everything with amazon you are not authorized to take money out im a disabled senior who do you think you are stop taking my money you are not authorized to take money out of my account,2026-03-12 16:08:30,0,amzon_reviews,unknown,Negative,Negative,Negative
ndudi nwanguma,5,very ok a long a you read the information very well,2026-03-12 10:39:06,0,temu_reviews,unknown,Positive,Neutral,Positive
Bibas Thapa,5,good apps and service,2026-02-27 15:08:49,0,noon_reviews,unknown,Positive,Positive,Positive
Khalifa Attia,5,good and thanks,2026-03-05 18:26:44,0,noon_reviews,unknown,Positive,Positive,Positive
Gl Udayanga,1,,2026-03-12 11:42:42,0,temu_reviews,unknown,Negative,Neutral,Negative
Frederick H. Stralow,1,this is the most spamming app and company ever they use deceptive practice and they lie about thing which you have to actually read the fine print which they know most dont bother to read because they do whatever they want once you agree the stuff they send is not high quality and cheap i am going to remove the app and dont recommend using the app or the company but you are free to do what you want,2026-03-11 23:43:37,1,temu_reviews,unknown,Negative,Negative,Negative
Qaiser Butt,5,very good,2026-03-06 08:39:13,0,noon_reviews,unknown,Positive,Positive,Positive
Droheemon Swod,5,best service,2026-03-06 18:43:27,0,noon_reviews,unknown,Positive,Positive,Positive
Rahl Gadu,5,למה זה לא מוריד לי ניסיתי אד 24 שאות אפילו יתמול,2026-03-12 16:48:37,0,ali-express_reviews,unknown,Positive,Neutral,Positive
ivy rose amada,5,very helpful,2026-03-12 04:28:34,0,temu_reviews,unknown,Positive,Neutral,Positive
Audrey Huff,3,im not savvy enough to understand,2026-03-10 22:51:05,0,amzon_reviews,unknown,Neutral,Negative,Neutral
ZAKIR ULLAH,5,good,2026-03-10 06:11:42,0,noon_reviews,unknown,Positive,Positive,Positive
Tyler Mitchell,1,the best place to buy chinese counterfeit at full price,2026-03-06 06:09:55,0,ali-express_reviews,unknown,Negative,Neutral,Negative
محمد صلاح,1,not availabke for tap,2026-03-11 20:55:09,0,amzon_reviews,unknown,Negative,Negative,Negative
Regina Markham,5,amazon shopping is so easy get me in trouble sometimes,2026-03-10 00:46:03,0,amzon_reviews,unknown,Positive,Neutral,Positive
Jose Goris,1,unable to add item to cart only option is to buy now,2026-02-27 10:40:51,1,ali-express_reviews,unknown,Negative,Neutral,Negative
Dim Sum,1,false advertisingthin and poor quality clothes fake add and fake promotion this site is terrible annoying returnsscam city,2026-03-12 08:33:12,3,temu_reviews,unknown,Negative,Negative,Negative
craig williams,1,a rubbish conglomerate that will not refund any order that yodel decide to leave in an unsafe place and so go missingeven though in their own term they refund if package is lostalready have been in touch with customer service 18 time numerous appeal you are not interested and deny refund every time in response to your reply,2026-02-28 11:51:40,1,ali-express_reviews,unknown,Negative,Negative,Negative
Umair Khan,5,very good,2026-02-26 06:08:26,0,noon_reviews,unknown,Positive,Positive,Positive
Devon Morey,1,not connecting properly to my amazon account on my computer ive used amazon for year yet all of a sudden i have no previous order when im on my phone ive checked and im using the exact same account on both cant even use the app to purchase anything it say everything is out of stock something is very wrong,2026-03-07 02:19:05,0,amzon_reviews,unknown,Negative,Negative,Negative
mustafa mustafa,5,great service,2026-03-03 09:29:42,0,noon_reviews,unknown,Positive,Positive,Positive
Natalie Aponte,4,i liked the app when i first used it in 2023 where i could add anything to cart and it all be really cheap but now price have been upped and there deal on stuff where the price is cheap but you cant add it to cart which suck cuz when you do find the item it way more expensive it still good deal but wish it wa the same a it wa in 2023,2026-03-04 05:33:59,0,ali-express_reviews,unknown,Positive,Positive,Positive
md mahbub,5,good,2026-03-04 17:21:31,0,noon_reviews,unknown,Positive,Positive,Positive
Mamie Briggs,5,very good i am very happy with everything i have received from your company,2026-03-12 18:15:23,0,temu_reviews,unknown,Positive,Positive,Positive
Amrit Choudhary,5,good service,2026-03-04 17:28:08,0,noon_reviews,unknown,Positive,Positive,Positive
Adriana,5,awesome done just awesome i love this because the thing you can access in the app,2026-03-07 21:18:05,0,amzon_reviews,unknown,Positive,Positive,Positive
jpala821,1,this company might have tie to fake charity that do very awful thing to cat in china i can not support a business that tie to these vile group,2026-03-12 07:30:24,0,temu_reviews,unknown,Negative,Negative,Negative
Cooper Erskine,5,honestly this app ha one of the best customer service ever i had an issue with my giftcard not that long ago and got into a chat with a customer service employee they were easy to understand filed me a ticket almost immediately and were really sweet,2026-03-10 01:00:58,0,amzon_reviews,unknown,Positive,Neutral,Positive
John Mullen,4,shipping is the only thing it way to long for to receive,2026-03-12 16:44:11,0,temu_reviews,unknown,Positive,Neutral,Positive
Kirnstine Shane Ybañez,5,amazing,2026-03-12 09:53:49,0,temu_reviews,unknown,Positive,Positive,Positive
Manfred Prokesch,1,ich wollte nur eine maus bestellen und wurde mit nicht benötigten artikeln über paypal abgezockt,2026-03-12 14:19:11,0,temu_reviews,unknown,Negative,Neutral,Negative
manir islam,5,good,2026-03-08 08:44:13,0,noon_reviews,unknown,Positive,Positive,Positive
Lency Gooden,5,app ha updated waiting to see promotion,2026-02-23 08:13:14,0,ali-express_reviews,unknown,Positive,Neutral,Positive
Andrea Cardenas,5,easy to use i buy everything on amazon app,2026-03-12 13:30:35,0,amzon_reviews,unknown,Positive,Neutral,Positive
Ikram Hossen,5,good,2026-03-10 05:40:00,0,noon_reviews,unknown,Positive,Positive,Positive
Bernadette Hayes,5,i enjoy team temu,2026-03-12 19:49:02,0,temu_reviews,unknown,Positive,Neutral,Positive
Kay Main,5,awesome site excellent value truly amazing,2026-03-11 22:32:45,1,temu_reviews,unknown,Positive,Positive,Positive
Rebecca Heim,1,1 star because they dont have 0 bad customer service not customer friendly the customer supervisor wa not knowledgeable very sarcastic and just generally made me question if i even want my amazon account,2026-03-06 02:15:59,1,amzon_reviews,unknown,Negative,Negative,Negative
Wayne Leone,1,amazon suck,2026-03-09 16:29:56,1,amzon_reviews,unknown,Negative,Neutral,Negative
Tammy Skifstad,5,i can easily find anything im looking for everything ive bought is very high quality,2026-03-11 03:32:49,0,amzon_reviews,unknown,Positive,Neutral,Positive
Pavel S,1,the spinning roulette on the website is very annoying i just want to enter the site and buy a product but because of the lottery wheel and other silly promotion it make me prefer ordering from aliexpress instead,2026-03-12 02:36:24,0,temu_reviews,unknown,Negative,Neutral,Negative
Momen Mdmomen,5,good,2026-03-09 18:39:22,0,noon_reviews,unknown,Positive,Positive,Positive
Usman Nuhu,1,useless app please dont use this app take more than a month for your package to be delivered customer service not responding,2026-03-04 17:00:15,1,ali-express_reviews,unknown,Negative,Negative,Negative
Russell Perkins,1,disgusting treatment false advertising a pair of product that were sold but never recieved claiming it wa only one of the item when ive got evidence from advert and order receipt delayed delayed delayed now im still fighting for a refund 2 month down the line never been treated like this by a company and their seller watch out for navrider seller total scam ali express are enabling many like them and withholding my refund after admission of negligence,2026-03-10 10:50:39,1,ali-express_reviews,unknown,Negative,Negative,Negative
April Ae,5,fast delivery,2026-03-05 14:11:42,0,noon_reviews,unknown,Positive,Positive,Positive
Heather Downs (HATE_HeAThEr),1,this site is the biggest fake scam rip off ive been riped off 3 time by their fake reward they say if you reach an amount and place your order a certain amount of a cash reward will be deposited into your paypal account or have the the amount in temu credit after you place the order youre asked to verify your paypal account once you do that the site instantly redirects you to the wheel to spin for coupon and you never receive the paypal reward it a scam im done,2026-03-12 08:30:30,1,temu_reviews,unknown,Negative,Negative,Negative
Gray,2,work alright but it load suggestion before search result making it nearly unusable on a slow connection additionally there no reason the app need to be notified of my taking a screenshot i literally just wan na give you money so i can buy thing how do you screw that up this badly,2026-03-07 00:16:04,0,amzon_reviews,unknown,Negative,Neutral,Negative
Debra Allen,5,i like temu tshirts and decor,2026-03-12 01:55:27,0,temu_reviews,unknown,Positive,Neutral,Positive
Md Sujon Ahmed,5,very good,2026-02-26 10:41:21,0,noon_reviews,unknown,Positive,Positive,Positive
Sean Quigley,1,cant find anything with the new ui,2026-03-05 23:04:26,0,amzon_reviews,unknown,Negative,Neutral,Negative
Jesson,1,brought faulty item refused credit or refund unable to submit video or picture due to their site not accepting the file even though format wa correct uninstalling over a mere 12,2026-03-12 12:23:59,0,ali-express_reviews,unknown,Negative,Negative,Negative
Maria Zayas,5,very happy with my product 10 of 10 thank you,2026-03-12 15:42:15,0,temu_reviews,unknown,Positive,Positive,Positive
Yahsser Mashyardic,1,listen this app ha thousand of product but 95 of the product are so cheap knockoff total waste of time the one thing i like is that you return the product if u have the time and u get your refund otherwise u realize money wasted again the worst thing is their promotion dont fall for it it tell you free gift u aint gon na get jack share their app with friend then share 2 more time then keep going for this reason i stopped using and buying thing from them 0,2026-03-12 05:35:55,0,temu_reviews,unknown,Negative,Negative,Negative
Josh Conwell,1,get worse after every update now most of the listing say see option instead of add to cart or buy now and im constantly getting error message youd think a multibillion dollar company would have a halfway decent app but nope,2026-03-05 23:56:07,0,amzon_reviews,unknown,Negative,Neutral,Negative
Ross Hart,4,great selection,2026-03-12 03:28:07,0,amzon_reviews,unknown,Positive,Positive,Positive
Clinton Mini,5,the best app you can be sure for ordering good and get it delivered to your door step,2026-03-11 20:45:54,0,temu_reviews,unknown,Positive,Positive,Positive
younus chandpur,5,good,2026-03-01 14:32:21,0,noon_reviews,unknown,Positive,Positive,Positive
Shamim Hasan,5,very good,2026-03-05 23:35:30,0,noon_reviews,unknown,Positive,Positive,Positive
Jerry Aloof,5,essential,2026-03-10 06:09:53,0,amzon_reviews,unknown,Positive,Neutral,Positive
Daniel (Lovesteady),1,everything on here is made terrible or just a lie,2026-03-04 14:51:52,0,ali-express_reviews,unknown,Negative,Negative,Negative
Mohamed Zubair Zubair,1,this application ha proven to be one of the most unsatisfactory i have encountered i experienced a lack of proper responsiveness and my order wa canceled without my consent even after payment had been processed due to these significant issue i will be uninstalling it from my device,2026-02-26 06:14:09,0,noon_reviews,unknown,Negative,Neutral,Negative
Ahmed Abdul kawy,5,حلو,2026-02-27 21:48:11,0,noon_reviews,unknown,Positive,Neutral,Positive
David,3,edit ai customer support service poor ai previous45 probably best place for online shopping but should be more reliable scammer exists but most of my purchase are ok aliexpress doesnt deserve the blame for the scammer that use it but they can make a few change to drastically nerf scammer,2026-02-24 16:14:15,1,ali-express_reviews,unknown,Neutral,Neutral,Neutral
Alicia Robinson,5,year later and still shopping at temu love my product some not so much but you get what you pay for im still happy ill give 5 star i love this place just like buying in a store here in america you just buy direct without all their extra fee i always use paypal or prepaid card,2026-03-11 23:00:12,1,temu_reviews,unknown,Positive,Positive,Positive
Sunnie Ray (Sunnie),5,i really love this app it definitely my goto place to buy cosplays or accessory or just thing i need it doe take a while for thing to be delivered but that really isnt a problem for me the only problem i have is that sometimes i get ai generated ad and i hate it other than that i freaking love you aliexpress,2026-02-16 20:48:13,0,ali-express_reviews,unknown,Positive,Negative,Positive
Sam Sharbali,2,order get cancelled without prior notice and without any justification,2026-03-03 13:13:57,0,noon_reviews,unknown,Negative,Neutral,Negative
KSA KABIR,5,good store,2026-03-10 04:39:22,0,noon_reviews,unknown,Positive,Positive,Positive
Houman Tavakoli,2,changing option of a product cause the amazon app to hang or slow down for about 10 second this is new behavior like since 1 month ago or less,2026-03-09 07:47:15,1,amzon_reviews,unknown,Negative,Negative,Negative
Rawle Tewari,1,what happened to this app it terrible i cant even do a return now,2026-03-05 14:27:49,0,amzon_reviews,unknown,Negative,Negative,Negative
Asif Manzar,5,great value of item,2026-02-27 22:11:47,0,noon_reviews,unknown,Positive,Positive,Positive
Gershom Levenspiel,2,where is my tounge,2026-03-12 04:46:25,0,temu_reviews,unknown,Negative,Neutral,Negative
Michael Tom,1,need dark mode year overdue overall clunky ui,2026-03-07 11:03:34,1,amzon_reviews,unknown,Negative,Neutral,Negative
MD ARIAN,1,too much complicated,2026-03-08 18:17:37,0,noon_reviews,unknown,Negative,Neutral,Negative
Kitty Katt,1,amazon doesnt care about their customer anymore it sad after decade of my loyalty i still have issue with delivery and fulfillment of order customer service lie or pacifies customer no more can i trust them ill take my business elsewhere,2026-03-12 15:11:01,1,amzon_reviews,unknown,Negative,Neutral,Negative
Mark,1,not on my tablet anymore shame on you narrow sighted imbecile have used the app in my household for a decade hate to think how many thousand of dollar my wife ha spent your web site suck guess we will shop elsewhere from now on,2026-03-07 01:54:26,0,amzon_reviews,unknown,Negative,Negative,Negative
Micheline Abrahams,5,the app is great,2026-03-12 18:42:14,0,temu_reviews,unknown,Positive,Positive,Positive
Shianne Crank,5,ok,2026-03-05 16:49:15,0,amzon_reviews,unknown,Positive,Neutral,Positive
Imtiaz Ahmed,5,good,2026-03-12 15:49:19,0,noon_reviews,unknown,Positive,Positive,Positive
Why Asking,1,issue after issue with item not delivered and no refund or possibility to get adequate response customer service pretend to be on your side just to deny any evidence regarding order not received sad to see customer service going downhill,2026-03-01 15:26:30,1,ali-express_reviews,unknown,Negative,Negative,Negative
David GIlmore,5,excellent,2026-03-10 06:11:11,0,ali-express_reviews,unknown,Positive,Positive,Positive
Dorothy Maddocks,4,im a new customer and i want to buy something help please,2026-03-10 22:29:49,0,amzon_reviews,unknown,Positive,Neutral,Positive
Ivy Muyambo,1,i really really love the app but it led me install it on my phoneitll install the other appsi mean on other phone,2026-03-08 15:30:23,0,amzon_reviews,unknown,Negative,Positive,Negative
Tina Smart,5,love shopping here only the best,2026-03-04 07:04:13,0,ali-express_reviews,unknown,Positive,Positive,Positive
wendu dana,5,nice app,2026-03-11 04:31:27,0,amzon_reviews,unknown,Positive,Positive,Positive
April Johnson,1,i hate amazon so much 1 please for the love of god just charge my account when i purchase thing and not randomly over the next several day in different unknown amount making have to add everything up and watch my account making sure everything is accounted for appropriately 2 customer service suck i called about a potential issue on an order with a deadline and wa basically told dont worry and rushed off the phone when the agent kept repeatedly asking is there anything else,2026-03-10 18:01:23,1,amzon_reviews,unknown,Negative,Negative,Negative
Van Zyl De Bruyn,2,not recommend been waiting over a month for my payed item ph protector none delivered after paying even airport cost and delivery fee so uf cant trust them with a phone cover than you cant trust or rely on temu,2026-03-12 20:32:25,1,temu_reviews,unknown,Negative,Neutral,Negative
ATEEQ RAJA,5,great,2026-02-28 05:31:38,0,noon_reviews,unknown,Positive,Positive,Positive
Marilyn Raymond,5,beautiful craftsmanship lovely item i can not find in america these people are talented and work very hard love all of their item and their culture we dont seem to make beautiful crafty thing in america anymore i miss this,2026-03-11 21:05:42,0,temu_reviews,unknown,Positive,Negative,Positive
Brooklynn Myles,1,wa doing the hat trick game for free prize got to 001 then weirdly all the invite to new people just stopped working seems to me it conveniently stopped working a i wa about to win very disappointed,2026-03-12 04:55:46,0,temu_reviews,unknown,Negative,Neutral,Negative
John Westray,1,although they have great price and a great choice you use them at your own risk i have had a number of parcel delivered not containing what i ordered on one occasion i received a wooden fork instead of the inverter i ordered the seller doe this so that a proof of postage is available customer service is hell to deal with avoid there are better trader available,2026-02-20 11:56:12,2,ali-express_reviews,unknown,Negative,Neutral,Negative
Martin Chadburn,5,love this amazing product at amazing price,2026-03-12 21:28:05,0,temu_reviews,unknown,Positive,Positive,Positive
roger whittle,4,positive overall sometimes confusing,2026-03-08 11:19:38,0,ali-express_reviews,unknown,Positive,Neutral,Positive
Nashim Noushad,4,nice,2026-03-03 03:46:20,0,noon_reviews,unknown,Positive,Positive,Positive
kourtly dentley,1,dont order wates of time never came then win i order again price went up,2026-03-09 15:51:48,1,ali-express_reviews,unknown,Negative,Negative,Negative
Arik Braslavsky,1,horrible do yourself a favor and dont use amazon awful service i ordered an item they make me wait for it for a month with a gurantee for it to come before a date then two day before the date they have to deliver it they send it back to seller and telling me it broken and then i order it again it dont come and they hust say oh were sorry do a refund like it ok them i ordered another one ive waited over a month and it didnt even get to custom not using it ever again,2026-03-08 06:34:12,0,amzon_reviews,unknown,Negative,Negative,Negative
Gentry Edwards jr,5,five star for giving first time user the chance of purchasing item that are ready to make use of in everyday life thanks from gentry j edward jr 87,2026-02-27 03:31:37,0,ali-express_reviews,unknown,Positive,Neutral,Positive
SIPHO MNCUBE,4,excellent,2026-03-07 17:03:08,0,amzon_reviews,unknown,Positive,Positive,Positive
Maria Mello,4,i have been ordering a lot from temu and i am satisfied for now i have never experienced a problem before,2026-03-12 10:29:45,0,temu_reviews,unknown,Positive,Negative,Positive
Nalukenge Brenda,5,massive,2026-03-12 17:33:42,0,noon_reviews,unknown,Positive,Neutral,Positive
Moses Thembinkosi Khuma,5,very essential,2026-03-12 12:40:09,0,temu_reviews,unknown,Positive,Neutral,Positive
SELVAKUMAR GOVINDASAMY,5,good,2026-02-26 20:32:52,0,noon_reviews,unknown,Positive,Positive,Positive
Angie Martin,5,definitely my fav app i use it more than any other app,2026-03-06 18:12:23,0,amzon_reviews,unknown,Positive,Neutral,Positive
Sherry Riels,5,online shopping thank you so much,2026-03-12 01:04:22,0,temu_reviews,unknown,Positive,Neutral,Positive
Kinggodtrs Thpbtamtatc,1,hate it,2026-03-12 00:37:13,0,temu_reviews,unknown,Negative,Negative,Negative
Trae Patterson,1,to much add,2026-02-22 14:52:56,0,ali-express_reviews,unknown,Negative,Neutral,Negative
Gabriel Frost,1,downloaded the app to see about the hype i dont trust the low price so i deleted the app and im still bombarded with their add on you tube even after blocking several of them dont get this if you want constant add,2026-03-06 00:18:42,0,ali-express_reviews,unknown,Negative,Negative,Negative
Daniel A Cannon,1,delivery instruction never followed consistency of delivery time estimate not being correct customer service is an ai bot thats useless 1 star seller still operating with over 1k complaint list go on,2026-03-12 19:41:38,0,amzon_reviews,unknown,Negative,Negative,Negative
Md Jahidul,5,good,2026-03-08 15:48:10,0,noon_reviews,unknown,Positive,Positive,Positive
Fig “Tasty” Newton,1,your ai inclusion ha destroyed the app experience for me item option do not load well at all half the time it freeze the app and just gray out the option and price area while failing to respond yall have absolutely no clue what youre doing huh,2026-03-07 18:28:17,1,amzon_reviews,unknown,Negative,Negative,Negative
somrat sk,5,good,2026-02-27 07:22:02,0,noon_reviews,unknown,Positive,Positive,Positive
Eulalio Loya,5,i been mostly good couple of mistake but is been good,2026-03-12 19:08:36,0,temu_reviews,unknown,Positive,Positive,Positive
Shandella brown,5,love it,2026-03-12 00:40:24,0,temu_reviews,unknown,Positive,Positive,Positive
Penelope Richards-Scott,5,love them,2026-03-12 01:29:33,0,temu_reviews,unknown,Positive,Positive,Positive
Muhammad Ghafran,5,good,2026-02-26 11:57:53,0,noon_reviews,unknown,Positive,Positive,Positive
chris Fourzan,1,worse than temu delivey time is terrible rather order from tiktok because they ship in 3 day,2026-02-27 17:25:03,0,ali-express_reviews,unknown,Negative,Negative,Negative
jasson melendez,5,excellent product thank you temu,2026-03-12 15:24:28,0,temu_reviews,unknown,Positive,Positive,Positive
Africa J.,1,i dont know what type of update amazon had recently but i can no longer purchase thing in my cart everytime i go to checkout an error page keep popping up,2026-03-05 21:52:02,0,amzon_reviews,unknown,Negative,Negative,Negative
Nabeel Farooq,5,excellent app quick service,2026-03-04 15:33:32,0,noon_reviews,unknown,Positive,Positive,Positive
Muhammed Umar Maroof Khan,5,quick ordering easy,2026-03-04 21:55:03,0,noon_reviews,unknown,Positive,Neutral,Positive
Him Laif,1,beware aliexpress will not refund order in package for which sister company cainiao logistics alibaba group issued proof of loss document,2026-03-03 01:28:12,1,ali-express_reviews,unknown,Negative,Negative,Negative
C A,1,stuff get delivered literally whenever if i order next day delivery it arrives in 3 day if i order a specific delivery day they deliver it on a different day when im not home or my favorite theyll make 4 different delivery to my house on the same day absolute stupidity,2026-03-12 20:34:26,0,amzon_reviews,unknown,Negative,Negative,Negative
haji ajis haji bangok,5,good,2026-03-12 04:14:00,0,temu_reviews,unknown,Positive,Positive,Positive
Fredric Reider,4,i love how convenient it is but occasionally like today it unusable update issue most likely hopefully it will work tomorrow,2026-03-05 23:46:56,0,amzon_reviews,unknown,Positive,Positive,Positive
Mohammed Ashraf,5,nice,2026-03-06 19:30:14,0,noon_reviews,unknown,Positive,Positive,Positive
Musa Bahi,5,i really like this application i can get everything from home and it is very fast thank you noon,2026-03-05 14:15:38,0,noon_reviews,unknown,Positive,Positive,Positive
Henry Giroir Jr.,4,easiest way to shop for hard to find thing,2026-03-10 21:18:43,0,amzon_reviews,unknown,Positive,Neutral,Positive
Marcie Graham,1,never got my stuff they lied about the mailing source dont trust them i lost out on my money too temu is better,2026-03-11 21:53:27,0,ali-express_reviews,unknown,Negative,Negative,Negative
Rahmat Khan,5,good,2026-02-28 12:22:06,0,noon_reviews,unknown,Positive,Positive,Positive
jzimme248,1,did a recommended update today on the app and now i can no longer check out and make a purchase nor can i view review or product detail what in the world amazon fix this asap because if customer can not order you will be losing a lot of money very quickly super frustrating and i hope this is fixed,2026-03-06 00:05:07,0,amzon_reviews,unknown,Negative,Negative,Negative
Craig Maybury,1,the app is crashing constantly now i cant acess the play and earm area at all,2026-03-11 02:53:35,0,ali-express_reviews,unknown,Negative,Neutral,Negative
ulises sanchez,5,fast service and if they screw it they fixt it,2026-03-06 00:38:21,0,amzon_reviews,unknown,Positive,Positive,Positive
Jamila Fekry,5,very good,2026-03-02 20:34:24,0,noon_reviews,unknown,Positive,Positive,Positive
Andri Pech,1,the seller canceled my order and made a refund but i cant withdraw my money because the app doe not accept a withdraw by using your original methodpayment i paid by oxxo so my money turned into a frozen refund that im uncapable to withdraw in a nutshell i wasted money and time,2026-03-01 01:37:50,1,ali-express_reviews,unknown,Negative,Negative,Negative
Dark King35,4,so far every order i want came a expected,2026-03-08 00:44:50,0,amzon_reviews,unknown,Positive,Neutral,Positive
Umer Zfold,5,good,2026-02-27 21:56:36,0,noon_reviews,unknown,Positive,Positive,Positive
James Morgan,1,scam central avoid like the plague,2026-02-18 21:49:01,0,ali-express_reviews,unknown,Negative,Neutral,Negative
Joshua Carter,1,what a scam they will tell you thing are delivered and when they were not if you then utilize the chat to ask about it you get some ai chatbot in china that doe nothing for you im out money now with no product to show for it,2026-02-28 07:59:14,1,ali-express_reviews,unknown,Negative,Negative,Negative
György Nándor Traser,1,a temu egy agresszív vírus nem lehet kiirtani egy kész katasztrófa,2026-03-12 22:15:02,0,temu_reviews,unknown,Negative,Neutral,Negative
Phyllis Jackson,5,i think they deserve a five star bc amazon truly try to assist support customer who dont understand the app plus assist with replacing or reordering outcast purchase and if this doesnt resolve the issue at hand theyll refund your total fund ive unbelievably received all fund into my account thanks amazon team for going above and beyond expectation in solving issue with vender from another satisfied customer,2026-03-12 08:50:19,0,amzon_reviews,unknown,Positive,Neutral,Positive
Oryiman Obem,5,mobilebook,2026-03-11 22:16:07,0,temu_reviews,unknown,Positive,Neutral,Positive
Philip Brady,5,really positive with 95 of tbe vendor,2026-03-08 10:33:57,0,ali-express_reviews,unknown,Positive,Neutral,Positive
Boda Mahmoud,5,easy to use,2026-03-12 22:21:35,0,noon_reviews,unknown,Positive,Neutral,Positive
Jennie Beswick,1,great product awful service why cant you make it easy to turn off 1 click ive deleted my payment option and i put them in each time and then delete horrible security im no longer buying from amazon unless there is no other way deleting the app,2026-03-06 04:09:39,1,amzon_reviews,unknown,Negative,Neutral,Negative
Dontae Hufflin,5,awesome service never have had a single issue they send what is advertised every single time and you cant beat their price or their product temu wish have nothing on aliexpress,2026-03-11 21:14:59,0,ali-express_reviews,unknown,Positive,Negative,Positive
