userName,score,content,at,thumbsUpCount,source,truthLabel
Kayanat Anika,1,honestly i think there is a problem cuz i can't download it,2026-03-12 23:21:40,0,ali-express_reviews,Negative
Nunya Biz,5,"apparently when i set settings for notifications, and turn off specific ones because i hate being spammed, your company ignores it. i don't need to be notified 5 times a day because you think i need to know that fingernail clippers are on sale. stop it.",2026-03-12 22:42:39,4,ali-express_reviews,Negative
Samarth Sandeep,1,this is by far the worst app i have bought 3 products from it and non of them have came and when i contact the shipping company they instantly hang up highly whould not recommend most of the 5 star reviews are probobly bots and this is one of the worst apps do not install or use and the same happend to my friend,2026-03-12 22:14:26,0,ali-express_reviews,Negative
Rubysu aka Natalie Debler,3,"my first package arrived, but with counterfeit postage! i had to pay an extra $13.75 to get from my local post office! i hope the other 2 do not happen this way!!",2026-03-12 21:38:03,0,ali-express_reviews,Negative
Toni Dawn Moore,4,never shopped there yet,2026-03-12 21:24:39,0,ali-express_reviews,Negative
Asia Johnson,3,buy from these guys,2026-03-12 20:36:18,0,ali-express_reviews,Negative
Lebohang Pasane,1,"worst experience ever, they were so nice before i bought but after i bought they became cold and negligent. they lied and said my order is in my country but it never arrived. if that's how they go about scamming people, judgement is surely to befall them. i forgive you, no strings attached. i just feel sorry for you.",2026-03-12 20:04:32,0,ali-express_reviews,Negative
Charles Jenkins,5,i like the app i've only had it a couple days but it is better than doing surveys,2026-03-12 20:00:07,0,ali-express_reviews,Positive
Falodun Akinwale,4,nice app...has very good and genuine products vendors are good,2026-03-12 19:48:10,0,ali-express_reviews,Positive
e G,1,imma have to give this one star ⭐ only because of it's false advertisement on the pricing.,2026-03-12 19:22:18,0,ali-express_reviews,Negative
Dash Mxt,1,if you're in need of the products very quickly you may get a heart attack coz they take forever and you may even forget and think it's a scam,2026-03-12 19:19:55,0,ali-express_reviews,Negative
Honor Ao,1,"the item i ordered never arrived.... i also reorder, still nothing.... waste of money....on this apk",2026-03-12 18:57:06,0,ali-express_reviews,Negative
Michael Ward,1,"i've tried contacting aliexpress on numerous occasions with no reply,i ordered an item in january and order still not arrived checked tracker saying shipment cancelled but have no explanation into when it will arrive lost patience with them,why can't i have some communication.",2026-03-12 18:54:50,0,ali-express_reviews,Neutral
Nyanda,2,"these people are scammers, if you buy something that comes in bulk or that is more than one, (like the turquoise rings, that comes in more than one size, a mix, that comes in 20/30pcs, that i have not received) , they don't show up mysteriously, and they blame you and the carrier. but items that were bought that is single items or set, oh those show up fine no problem. then they don't want to refund you back anything. these are not honest, or godly people, it's a facade to sale their products.",2026-03-12 18:47:06,1,ali-express_reviews,Negative
Karl Carroll,3,why do i need this app to track my package? why can't i do it online through a browser exactly?,2026-03-12 18:00:39,0,ali-express_reviews,Neutral
Cynthia Butler,3,ad said pick 3 free items i picked them then they said it would cost me $8.00 to recieve them how is that free?false advertising,2026-03-12 17:20:41,0,ali-express_reviews,Negative
GIZMO SATANICO,1,i can not sign in 10003 server or network error,2026-03-12 16:56:00,0,ali-express_reviews,Neutral
Rahl Gadu,5,למה זה לא מוריד לי ניסיתי אד 24 שאות אפילו יתמול,2026-03-12 16:48:37,0,ali-express_reviews,Negative
Zelda Hulley,1,funny how the discount is removed as soon as you need to pay,2026-03-12 14:39:26,0,ali-express_reviews,Negative
Sara Oliver,5,easy shopping with fun innovative broad selections,2026-03-12 14:36:42,0,ali-express_reviews,Positive
Candy Biehle,1,never got my stuff i paid for my watch ⌚ daughter jerrika kids cup or cap for her head pissed off please fix the problem,2026-03-12 14:12:58,0,ali-express_reviews,Negative
Joni Shkembi,1,very high prices as if they are selling diamonds,2026-03-12 13:05:50,0,ali-express_reviews,Negative
Jagger Norden,2,prices are good but i hate that choice thing. almost everything is a choice. i want to buy one thing not three. please remove this aliexpress,2026-03-12 13:02:02,1,ali-express_reviews,Negative
Jesson,1,"brought faulty item, refused credit or refund, unable to submit video or pictures due to their site not accepting the files even though format was correct, uninstalling over a mere $12",2026-03-12 12:23:59,0,ali-express_reviews,Negative
Jamie Harris,1,"when i unsubscribe from certain notification categories, i still receive notifications for those categories. this practice is unlawful.",2026-03-12 10:41:23,0,ali-express_reviews,Negative
Michael K,1,"aliexpress has reached a new low. not only did they fail to deliver a combined shipment of multiple items, but they also provided false tracking information to paypal to block a legitimate refund. the support is non-existent, and the 'buyer protection' is a complete fabrication. i am now escalating this as a fraudulent transaction through my credit card company to force a chargeback. do not trust this platform with your money; they will lie to payment processors to avoid taking responsibility",2026-03-12 10:28:27,1,ali-express_reviews,Negative
rrockstaarr,1,"terrible app, havnt received my orders and its been well over a month no refund. they keep replying that someone will get back to me within 24-48 hours so i message every three days and still the same response. do not buy from here !!!",2026-03-12 10:18:33,1,ali-express_reviews,Negative
Cynthia Swartout,1,it's just not for me i unsubscribed and i still get emails from them. i am not interested in this company and don't know why i still get emails from them when i unsubscribed i wish they would stop sending me emails please and thank you.,2026-03-12 09:46:43,0,ali-express_reviews,Negative
John Ogba,1,"very bad experience. i bought a fake and damaged glasses no compensation. i just wasted my £32.99 for nothing. i did not use the video camera glasses twice, it stopped charging and all of a sudden the glasses pulled out from the lens. i am so disappointed that your customer service said they cannot do anything that means i should dispose the glasses and lose my money. i will continue to give you bad feedback if nothing is done.",2026-03-12 09:40:26,0,ali-express_reviews,Negative
Martin Gray,1,"tried this and ordered a few things through one of their offers. the package arrived with yodel, left on my doorstep for hours. finally got home and opened it and half the items are missing and the ""customer support"" is unable to figure out i want a refund or the items replacing. keep trying to blame courier. edit - went through the horrendous refund process where you have to raise a refund per item missing. all got rejected as i have no proof from the courier and didn't video the opening? crazy",2026-03-12 09:22:16,1,ali-express_reviews,Negative
Hans Ko,1,"site that dispose off factory defects at attractive prices, as well as advertised for one thing and shipped you another. customer service for return & refund are a nightmare as many here have already stated. don't fall for this scam site!",2026-03-12 09:12:24,1,ali-express_reviews,Negative
Arminas Matulevicius,5,i couldn't say anything bad is like amazon but cheaper a lot cheaper and u get prizes....,2026-03-12 08:39:04,0,ali-express_reviews,Positive
Gary Shaw,3,"it's ok to play games and shop, really not for me",2026-03-12 08:08:25,0,ali-express_reviews,Positive
Thomas Arthur,5,amazed,2026-03-12 07:25:11,0,ali-express_reviews,Positive
See Ro,5,l'app è meravigliosa ma vogliamo di nuovo per i nuovi utenti l'offerta del 0.99€ oppure 3 articoli con 3€ di disconto,2026-03-12 07:21:47,0,ali-express_reviews,Neutral
Senzo blessing Cele,5,yes i will pay,2026-03-12 06:20:22,0,ali-express_reviews,Neutral
Zachary Hernandez,1,"signed up for an account and instantly got my account locked before i could even make my first purchase. when i appealed, they still didn't tell me why my account was locked. waste of my time.",2026-03-12 05:26:23,0,ali-express_reviews,Negative
Paris Tunc,1,crime gang,2026-03-12 04:52:53,0,ali-express_reviews,Neutral
Paris Tunc,1,"there r seller send me a scam 2kg battery instead of 20kg and 160$ they charged me after 2 weeks they make me still stuck to in limbo and i read all review and he is a well known con artist as many people had same l. so this is a criminal minded company for not cancelling those fraud. r:everyday, multiple times and they did nothing. as i warned them to put bank into case to give a total black list for that brand and they didn't listen and i got email that they are paying me and they willpenalise",2026-03-12 04:45:50,0,ali-express_reviews,Negative
Emily Coleman,5,everything is so cheap and easy to order and receive it on time and it's always good products,2026-03-12 01:45:45,0,ali-express_reviews,Positive
Ankur Jain,1,"in simple words, pathetic experience with aliexpress. all the best whoever using their portal.",2026-03-12 01:40:07,0,ali-express_reviews,Negative
ПСИХОПАТИНА,1,lies at every turn,2026-03-12 01:37:03,0,ali-express_reviews,Neutral
Eyo Peter,3,"if you are ordering from nigeria just know that it's a one way trip. if item is damaged, you won't be able to return it. i've lost serious money because of this. almost 100k after one of the sellers sent me a amoled display that doesn't work. the platform doesn't have a realistic return logistics for nigeria like temu. so if you can take the risk then go ahead.",2026-03-12 01:16:13,1,ali-express_reviews,Negative
Leashanta Chism,1,i wish i could give it a minus i had a package stolen even have a police report and couldn't get a refund,2026-03-12 01:02:10,0,ali-express_reviews,Negative
Ruth Mawson,1,my account is locked. i've never used aliexpress. download this again. same thing you're account is locked. tried to sign in. wouldn't have email. phone number. first of all no uk code. suddenly i'm on the aliexpress site. go to look at something.. please sign in with your phone number. please enter a valid phone number. i enter it again this time with the uk code in front. please enter a valid phone number. never again. uninstalling,2026-03-12 00:58:13,2,ali-express_reviews,Negative
Scott Conder,1,sellers photos and descriptions are misleading. prices have gotten too high. sellers have raised prices by 500% on most items. not worth it. the search algorithm is garbage. aliexpress needs to govern the seller's actions better. i waste too much time looking for what i want. i get frustrated and go to ebay instead.,2026-03-12 00:27:03,4,ali-express_reviews,Negative
Mr Smith,1,has stopped accepting my debit/credit card.,2026-03-12 00:05:51,0,ali-express_reviews,Negative
Faith McLean,5,i love aliexpress they're so much better than another online place where you can buy stuff you can buy something for $2 off of here you don't have to spend 20 like you do on the other website so far i have not been disappointed on anything i bought from them and i have bought a lot of stuff and just a month and a half i've bought over 100 items if not more,2026-03-11 23:58:23,0,ali-express_reviews,Negative
Christopher Atkin,5,"i thought this was going to be like wish or temu, where they make these wild claims of free stuff or discounts under a buck, the weirdest thing happened though, they were telling the truth. now they aren't making extravagant claims like the others, but the ones they are making, they honor them. i have my whole family ordering from them. long shipping times are the only downside, not even enough to knock a star off because they tell you in advance how long it will take.",2026-03-11 23:56:47,0,ali-express_reviews,Positive
Lio B10,1,3 packages never received. arrived to wrong city. no one answered 4 mails. sent back. no refund. now aliexpress take no responsibility. never again order with them,2026-03-11 21:57:21,0,ali-express_reviews,Negative
Adina L,5,"there are many items to see from different vendors. be sure to read product reviews and use common sense. you can find great items and if things do not work out like expected, the customer service is there to help and is amazing.",2026-03-11 21:55:53,1,ali-express_reviews,Positive
Marcie Graham,1,never got my stuff.. they lied about the mailing source. don't trust them... i lost out on my money too. temu is better,2026-03-11 21:53:27,0,ali-express_reviews,Negative
Dontae Hufflin,5,awesome services. never have had a single issue. they send what is advertised every single time and you can't beat their prices or their products! temu & wish have nothing on aliexpress!,2026-03-11 21:14:59,0,ali-express_reviews,Positive
Jo Carbonell,1,i orrderd window tint and that was two weeks ago . still nothing .guess the delivery person wanted the package more .or they just decided not to fill the order and keep the money..why you think things are cheap on advertising.they keep your money .,2026-03-11 17:23:22,0,ali-express_reviews,Negative
Ammar M.Ahmad,5,very nice app,2026-03-11 16:56:04,0,ali-express_reviews,Positive
Bridgette Schram,1,"horrible business, avoid at all cost. i was missing an item from my order and they refused a refund. asked me to prove that i never received it. use temu, faster shipping, reliable, and excellent customer service.",2026-03-11 16:39:01,1,ali-express_reviews,Negative
Nicole Trammell,5,fun. 😛😛,2026-03-11 15:29:00,0,ali-express_reviews,Positive
tjan putri,1,honestly i havent experience the app because i couldnt use it. i live in indonesia and i downloaded this shopping app because i saw cute bags in this app but when i oppened it you need to choose the country or region where you live right? so i searched for my country indonesia but i only saw my neighbouring country malaysia so i couldnt experience the full shopping experience i hope you could add indonesia to you app please.,2026-03-11 15:12:44,1,ali-express_reviews,Negative
Matas Matas,5,this is the good app i'm not going to lie i found garbage items that could explode easily,2026-03-11 13:54:08,0,ali-express_reviews,Positive
D Bier,1,"absolute garbage. i dint suggest this app, as when you make a purchase over $50, and its stolen, you lose your money, time, and sanity. there is no customer service and theres even less in these low quality items i tried to get a refund for stolen package 5 times!, they said prove it... how does one do that? how can i prove that i shook a person's hand i just met. app is stupid and pointless. go to temu.",2026-03-11 13:52:46,0,ali-express_reviews,Negative
CATCH22,3,sellers are polite and helpful but some use chat bots that when an item is not sent you can't get a satisfactory answer .,2026-03-11 13:23:47,1,ali-express_reviews,Negative
J,5,it's s really good app and all the products come in good shape and it has affordable prices,2026-03-11 12:05:12,0,ali-express_reviews,Positive
Sara J,1,no where to register for an account 😕,2026-03-11 11:22:59,0,ali-express_reviews,Negative
Coems,1,ordered a charger waited for 10 days when it arrived at my county the order was unsucesfull.,2026-03-11 08:54:13,1,ali-express_reviews,Negative
Benjamin Brewer,4,i like this app very good,2026-03-11 08:53:13,0,ali-express_reviews,Positive
Jaco van As,1,i was hesitant from the start and should have trusted my gut. aliexpress is a scam. you wait for ever to get your product and then they robbed you by not giving it the way you ordered. when you complain they put it on you to provide solid proof. the you do that and they say it's still not enough proof. i just lost money. what a scam. will be reporting this to play store as well.,2026-03-11 08:42:40,1,ali-express_reviews,Negative
philip paranthoiene,4,"nb , i never give 5 stars for anything so 4 stars is a maximum. i had an issue with a delivery, got to my country, then disappeared.ali express were prompt and courteous to deal with it . i was eventually refunded the full amount. i have now purchased the same item again.",2026-03-11 08:06:57,0,ali-express_reviews,Positive
Alex,1,"i can not buy from their shop. it doesn't allow me to use my real name. their customer service, even email, is ai and goes in circles. if they don't want me to buy, fine, that's on them.",2026-03-11 07:43:39,1,ali-express_reviews,Negative
Alex likes dogs,1,"very slow.it shows gross images no matter what you look up,things like infections or sexual images. if an item says delivered and you didn't get it, you don't get a refund. the page refreshes every time i try to get one, so i just cant. also has things like swastikas and l0li. the customer service doesn't help and you have to take 50 pictures of each item to return it, even if you didn't get the item? literally no way to get refunds. do not install.",2026-03-11 06:46:07,12,ali-express_reviews,Negative
Ronnie,1,full of scammers. constantly spamming emails and push notifications. dogs,2026-03-11 04:56:46,1,ali-express_reviews,Negative
Ethel Reid,1,it's not letting me pick what i want,2026-03-11 04:43:07,0,ali-express_reviews,Negative
Kimberly Dumas,1,this sells your credit card number,2026-03-11 04:25:58,0,ali-express_reviews,Positive
Tammy Skifstad,5,useful,2026-03-11 03:40:25,0,ali-express_reviews,Positive
Craig Maybury,1,the app is crashing constantly now i cant acess the play and earm area at all.,2026-03-11 02:53:35,0,ali-express_reviews,Negative
King Cardigan,4,"terrible experience on a z fold! all my other samsung devices, this app is cool. but on the fold, it's ... well all i will say is that it's confusing. it's so confusing i cannot describe it except it looks like there are two aliexpress apps running side by side and you don't know which one to use. so annoying.",2026-03-11 02:26:43,0,ali-express_reviews,Negative
Rob G,1,terrible customer service. impossible to get your money back when a faulty product is shipped,2026-03-11 02:20:19,1,ali-express_reviews,Negative
Dirty South 316,1,absolute jokedo not use this website absolute joke,2026-03-11 00:23:02,1,ali-express_reviews,Negative
Hassan Jones,1,"they did not deliver my package. when i asked for a refund or for a replacement, i was ignored and never received anything back regarding the situation.",2026-03-10 23:58:35,1,ali-express_reviews,Negative
Kevin Mcmahon,4,excellent 👍🏻💯,2026-03-10 23:47:10,0,ali-express_reviews,Positive
Matt Schellhaas,5,i lalalaley try aliexpress before and thery are not freaking scammers trust me aliexpress it's good,2026-03-10 23:33:59,0,ali-express_reviews,Negative
Ti to,5,شكرا لجهودكم,2026-03-10 23:33:12,0,ali-express_reviews,Negative
Eric Laforge,1,i always get scammed. they always find a way.,2026-03-10 23:15:15,198,ali-express_reviews,Positive
Zack,1,signed up and it instantly started spamming me. uninstalled,2026-03-10 21:40:26,1,ali-express_reviews,Negative
Promise Abumere,1,"i was scammed by aliexpress, seller accept to do a partial refund for a defective item, yet aliexpress refused to no refund and complete. the lcd screen i purchase, the fame doesn't fit pouches and doesn't touch well, i followed all the instructions when fix it, but it not the case, i am complaining about the overheating and the frame side, the heat sink on the frame is small unlike the original screen, some parts does not touch. i try another screen different from the screen i order it worked",2026-03-10 20:18:45,1,ali-express_reviews,Negative
Sonia Ikie,1,awful scammers my transaction history is lost after paying for goods,2026-03-10 19:19:07,1,ali-express_reviews,Negative
Atif Ahmed,5,good,2026-03-10 17:21:46,0,ali-express_reviews,Positive
Mike M,2,advertising one thing but sending another. still waiting for their customer service to get back to me on my order,2026-03-10 16:17:36,1,ali-express_reviews,Negative
Keno Ken,1,"worst customer service in the world. they keep repeating the same answer over and over again, ignoring the customers completely. they also allow so many counterfeit and fraudulent items, like ""2tb thumb drives for $5!"". they don't only refuse to take obvious scams down, they seem to encourage them. zero care for their users.",2026-03-10 15:46:49,1,ali-express_reviews,Negative
Enrique El Sato de Hato Rey,2,i prefer the website. the app is buggy and doesn't offer much.,2026-03-10 13:31:02,1,ali-express_reviews,Negative
GTepanator,1,app kept sending me here. one star for my troubles,2026-03-10 12:59:45,1,ali-express_reviews,Positive
Evarest Natse,1,"ali express are the worst i've been following up on a refund for 4 months and till today i have never gotten my money back, the app is full of scammers who just want your money, don't buy anything from ali express again!!",2026-03-10 12:19:25,1,ali-express_reviews,Negative
Patryk,4,"na stronie z punktami, pokazują się losowe zniżki, których nie da się uzyskać. mocno utrudnia to zakupy. edit. okazało się że procentowa zniżka obok produktu uwzględnia też kupon zniżkowy a nie tylko punkty. nadal uważam że nie powinno tak być, bo jest ikona punktu obok zniżki.",2026-03-10 12:11:14,0,ali-express_reviews,Negative
Phil,1,"i am trying to get a simple refund for something that is clearly not going to be delivered and i ordered a long time ago. instead of simply refunding my money which is less than €3, i am getting a big runaround by stupid little bots. they will not refund my money or at least i think they won't. by the time i'm finished with aliexpress they're going to wish they had refunded it",2026-03-10 11:37:23,1,ali-express_reviews,Negative
Russell Perkins,1,"disgusting treatment. false advertising a pair of products that were sold but never recieved. claiming it was only one of the items when ive got evidence from advert and order receipt. delayed delayed delayed. now im still fighting for a refund 2 months down the line. never been treated like this by a company and their seller. watch out for navrider seller, total scam. ali express are enabling many like them and withholding my refund after admission of negligence.",2026-03-10 10:50:39,1,ali-express_reviews,Negative
Anthoz Duppiez,4,i love this app,2026-03-10 09:31:45,0,ali-express_reviews,Positive
Kyri J,1,"as a long term loyal customer it is clear that sellers and aliexpress work together against their customers when problems arise.misleading adverts, documented verbal abuse from sellers when legitimately complaining, aliexpress really does not care to act, even after appeals.when you order something, your probability of success in return is very low if there is a problem, shipping is often not covered.""contact support so we can help"" is an automated waste of time and endless loop.",2026-03-10 09:12:56,1,ali-express_reviews,Negative
Misty Vanhorn,5,fast delivery & good prices on most the items. products look good..,2026-03-10 07:58:37,0,ali-express_reviews,Positive
Johan Spruyt,1,"i do not recommend aliexpress. ordered item never received. after tracking it appears the item was never sent. no item and no refund. they say item is in local customs, yet when contacting customs, they find nothing under the supplied tracking number. shop on own risk!",2026-03-10 06:37:24,1,ali-express_reviews,Negative
Xzaevory Gonzalez,3,👍,2026-03-10 06:16:52,1,ali-express_reviews,Neutral
David GIlmore,5,excellent,2026-03-10 06:11:11,0,ali-express_reviews,Positive
Angela Stern,1,garbage no comment,2026-03-10 06:11:01,1,ali-express_reviews,Negative
S LMK,1,"really sick of the constant pop ups and ads. just let me purchase in peace ffs. unable to turn off constant promotional messages from stores, which flood your message center until it's impossible to find important messages. the user experience could not possibly be more frustrating, i do not want to play a stupid mobile game for coins. absolute masterclass in user-hostile, hateful design.",2026-03-10 05:43:29,3,ali-express_reviews,Negative
Tia Cummings,5,great app love it,2026-03-10 04:53:59,0,ali-express_reviews,Positive
Katelyn Selvaggio,2,"i bought a pair of earbuds but the charger was completely broken and they don't work, i also bought other stuff and they arrived broken and unusable",2026-03-10 02:58:21,2,ali-express_reviews,Negative
Holly Benitez,5,i purchased a set of ear buds for.99 and i've been so happy with them now i'm going to try to make another purchase for another great item 😀,2026-03-10 02:35:23,0,ali-express_reviews,Positive
Kinsley,5,i love it 😀,2026-03-10 01:40:24,0,ali-express_reviews,Positive
Meyola chudasama,1,i order stuff as a 1st time customer and never received them. i tried to get a refund it was also impossible as well. i will never use this app to shop again,2026-03-10 01:16:48,1,ali-express_reviews,Negative
Michael M,1,horrible app and customer service.,2026-03-10 01:08:04,1,ali-express_reviews,Negative
Gerri Cooper,1,i've had enough of purchasing things and then having the item come totally different from what i purchased. or not coming at all and then i get a refund without even let me know that it's not coming. i'm not shopping with them anymore. the sellers are crooks false advertising and just straight up not a good platform to buy things from i give it one star because there's no less than one,2026-03-10 00:51:45,1,ali-express_reviews,Negative
Angie,1,"their prices are not honest. if you add to cart and select the shipping, their prices will become higher. be careful this is dishonest marketing. they tell you one cheap price, then upcharge once you are about to purchase the item.",2026-03-09 23:47:09,1,ali-express_reviews,Negative
Benjamin Van Dermark,1,"all 3 of the items from my welcome gifts (get 3, but only pay for 1) got canceled on me after being very late. now i don't get things i ordered, and lost out on the welcome deal.",2026-03-09 23:32:33,1,ali-express_reviews,Negative
trish Pyles,1,did not load,2026-03-09 23:21:46,1,ali-express_reviews,Negative
--,1,"i'm not registered with a google email address! why are you are forcing me to do it? you useless npc's... i can't sign in anymore, can't write my email address because aliexpress is reading my google play email. you are violating gdpr!",2026-03-09 22:52:26,1,ali-express_reviews,Negative
Mark -,1,i can't upload videos to the app when requesting a refund,2026-03-09 21:28:32,1,ali-express_reviews,Neutral
porscha foster,1,talk about false advertisements!! only downloaded to prove that the ps5 they advertise on the ads was for $1 i said yeah right!! downloaded and they are between £900-1.6k plus between £40-65 shipping fees. i'm sure you can grab a ps5 for around 500 in shops with no shipping!?,2026-03-09 20:28:00,1,ali-express_reviews,Neutral
Emmanuel,2,i login and they keep logging me out and now they've temporarily suspended all my accounts,2026-03-09 20:06:16,1,ali-express_reviews,Negative
Eric Malcomb,1,they have been a nightmare to deal with! placed an order saw where it had been shipped and it was in colorado. i tried to track it again and it said i didn't have an order even though i confirmed it with paypal. first email i got back said they found my order and i should be able to track it now. i wasn't. contact customer service again. they tell me the order doesn't exist with my account to use a different one. i have only ever had one account with them. now they won't give me a refund!,2026-03-09 18:29:16,1,ali-express_reviews,Negative
I love Fnaf,5,"ι αм ηєω нєяє αη∂ ѕσяяу ι υѕє∂ тнιѕ ƒσηт, ι αм 9 уєαяѕ σℓ∂ αη∂ ι ƒιη∂ тнιѕ νєяу ¢σηƒυѕιηg вυт ι ℓσνє ιт ιт'ѕ ƒυη ωнєяє уσυ gєт αρρѕ!",2026-03-09 18:15:45,0,ali-express_reviews,Positive
Sissie Payne,1,bad customer service!,2026-03-09 16:56:06,1,ali-express_reviews,Negative
Luna,1,had a item missing from order and having trouble getting my money back.,2026-03-09 16:33:13,1,ali-express_reviews,Negative
kourtly dentley,1,don't order wates of time never came then win i order again price went up,2026-03-09 15:51:48,1,ali-express_reviews,Negative
A Mamun,1,"full of fraud and scam sellers ⛔ messaging is never comfortable, always mixed with promotional messages.",2026-03-09 15:39:22,1,ali-express_reviews,Negative
Stefan Flavius Chiper,5,cumpărați cu încredere. produsele sunt de calitate înaltă și chiar sunt foarte bune. indiferent de faptul că sunt produse în china nu am avut niciodată problema cu cumpărăturile. ba chiar am prins niște oferte foarte avantajoase la produse de la branduri populare.,2026-03-09 15:26:03,0,ali-express_reviews,Positive
adamebrahiem 6,1,that is terrible. it keep saying your account is freezing and your account has risk registration.,2026-03-09 15:16:40,0,ali-express_reviews,Negative
Captain Traveler,1,the worst company ever see you at the court.,2026-03-09 14:48:05,0,ali-express_reviews,Negative
Dokiware,1,the shipping fees are way too ridiculous,2026-03-09 14:26:16,0,ali-express_reviews,Negative
Kelly Baker,3,hi i am having problems with the app i've updated it and also uninstall it and reinstalled it but it won't let me have the free gjft that it says i have won as it keeps saying it doesn't support me viewing local supermarket items please update your app to our latest version i have done please sort this out,2026-03-09 13:48:51,0,ali-express_reviews,Negative
Sal,5,thank you 😊,2026-03-09 13:29:35,0,ali-express_reviews,Positive
Tracey Grimm,5,so far i always receive my delivery earlier then stated and never a problem 🤞👌,2026-03-09 12:34:17,0,ali-express_reviews,Neutral
Chris Smith,1,uninstalled because 12 forms of payment couldn't go through.,2026-03-09 09:57:23,0,ali-express_reviews,Negative
Hard Catz,1,worst experience..i try to purchase on this apps..the transaction was okey..i payed split through tabby..the big big problem is when they the deliverd..i waiting almost a month..no chat from the courier no code..they just mark delivered ..and i dont received anything..i try to contack the seller..and ask for a.refund..they refuse..they said i shows delivered..the big question this i purchase it febuary 7..i paid febuary 7..but on their tracking number..i bought it january's 28..how come..👎 👎,2026-03-09 08:34:06,0,ali-express_reviews,Negative
Steven Brookshire,2,the item i purchased came as expected and a very great price but i did not get my two free items as a first time buyer which never came it was deleted from the cart and that promise was never fulfilled so i am very unsatisfied that was the main reason why i even started it because i needed those items and i was going to get the bag also because i liked it,2026-03-09 08:32:36,0,ali-express_reviews,Negative
W. Simmons,5,"so, many cool gifts",2026-03-09 08:25:34,0,ali-express_reviews,Positive
Liam Schrape,1,"buyer beware! i bought a ""lego style"" brick building kit for my son. it was some time after purchase when he finally started working on it. the quality was very poor, even with adult assistance, the toy would fall apart with the slightest movement... even when trying to add the next pieces to the model! aliexpress and the seller (mi ya toy)neither will take responsibility or make a good-will refund or credit. moral of the story - check all purchases for quality quickly when you receive them!",2026-03-09 07:04:42,0,ali-express_reviews,Negative
Eric Thomas,5,"great app, easy to use, discounts applied automatically with fast shipping and local stores for even faster deliveries",2026-03-09 05:17:33,0,ali-express_reviews,Positive
Victor S,3,"after years of usage i've noticed something different with some purchases. after buying something with high ratings, and later open the item you already bought, you realize it's from another store where that same item has low ratings (obviously another store owned by the same person), like you buy something with average rating of 4.9 stars in one store and later see that it was purchased from another store with a 4.1 rating.",2026-03-09 05:11:23,8,ali-express_reviews,Neutral
Shermonia Dobbs,5,wait on my package and they do offer discounts and play games to add to your order,2026-03-09 04:43:07,0,ali-express_reviews,Neutral
Kevin Rankin,1,they have taken my money on 2 occasions and never delivered the item and did not provide a refund. their customer service is the worst they send lengthy pasted messages that have no relevance. their response was to go back to the same pathetic customer service that i wrote this about.,2026-03-09 04:12:30,0,ali-express_reviews,Negative
Davis Ron,5,good app,2026-03-09 03:54:02,0,ali-express_reviews,Positive
SHaina Callaway,5,i can biy plows for 67 since,2026-03-09 03:42:08,0,ali-express_reviews,Neutral
frank quru,1,"repetitive and irrelevant responses never address raised issues directly. been 2 months since i placed a order, they still keep telling me it's in transit. arrived i. country 40 days ago. see reply. how stupid can they be. still wanting me to repeat my issue again. see their ridiculous response",2026-03-09 03:10:22,1,ali-express_reviews,Negative
Diane,1,"mostly everything that i bought from them was cheap flimsy junk! especially the clothing, i was new on this site and i bought a lot of stuff, i wish i hadn't, i could have found nicer stuff thrown away in a dumpster. several items i never even received, when complained i was ignored. no customer service phone number, i tried to cancel a couple orders immediately after i ordered them, it was sent anyway and i was charged for it despite all of the effort that i put in with customer service.",2026-03-09 03:00:26,0,ali-express_reviews,Negative
Travis Campbell,2,good,2026-03-09 02:27:46,0,ali-express_reviews,Positive
Trisna Di Japan,1,"scam, my order was not sent, maybe because it was free",2026-03-08 23:13:33,0,ali-express_reviews,Negative
Abba abdullahi,5,gud app,2026-03-08 22:25:24,0,ali-express_reviews,Positive
sathish malamkunnu,1,what is this? what a price for the goods. temu is better than aliexpress.,2026-03-08 21:31:38,1,ali-express_reviews,Neutral
Rick Hess,5,so far everything i have ordered has been fine and i will order more things as the need them,2026-03-08 19:14:09,0,ali-express_reviews,Positive
Bertha Mata,5,"i love them i will continue to order from here. update: i haven't purchased anything in a few years now because someone used my info and purchased $200 dollars worth of stuff so i uninstalled this app, but i do miss ali🥲",2026-03-08 19:08:19,0,ali-express_reviews,Negative
Lion Soldier,3,"title: great app, but impossible to pay in ghana ""i really want to use this app more and give it 5 stars, but i am forced to give it 3 stars because of the payment methods. in ghana, most of us do not have bank accounts or international cards. we use mtn mobile money (momo) for everything. there are millions of us ready to buy, but we are stuck at the checkout. if you add mtn momo, your app will be the #1 choice in ghana. please help us shop by adding local mobile money options!""",2026-03-08 19:03:02,0,ali-express_reviews,Negative
Colin Crowley,1,"shortest app and service , they ask for photos of bank cards and id which is illegal in aus , should be closed down",2026-03-08 16:37:29,1,ali-express_reviews,Negative
Victor Hugo,1,"minha conta está dando problemas de ""segurança"" na hora de aplicar cupons, porque só para aplicar cupons que dá erro de segurança? duvido que se fosse uma compra ele iria dar o mesmo bloqueio",2026-03-08 15:49:28,0,ali-express_reviews,Negative
CRO stress,1,support is a total joke. i suggest that you use any other app than this one. edit: i am trying to contact support on the 2 open cases. and getting same robotic answers for more than 20 times. nobody reads anything. total joke. avoid aliexpress.,2026-03-08 14:39:18,0,ali-express_reviews,Negative
Marky B,1,"don't expect refunds, avoid or be robbed, customer service ai and just sends repetitive replies to any and all complaints. avoid they sent a link that doesn't work as a reply, too late deleted app all i can do is warn others not to install.",2026-03-08 14:32:21,0,ali-express_reviews,Negative
Herby Osbourne,1,horrible customer service locked my account and won't give a reason or help to get it back,2026-03-08 13:09:19,0,ali-express_reviews,Negative
S Marie,1,twice i never received my items and was never given a refund. the courier never presented proof of delivery both times but said the items were delivered. hit or miss good luck i'm out 70 bucks. was told i needed to provide proof i never received the item but wheres the delivery proof picture ??? scam artists. edit: i contacted aliexpress help center everyday for almost 3 weeks. spent hours wasting my time. so no ill just never buy anything ever again. please dont waste your time and money people,2026-03-08 12:52:49,0,ali-express_reviews,Negative
Ben Hunt,1,they don't honor their fast ship program all you get is the run around spend the few extra dollars and get it from tic tok shop,2026-03-08 12:35:23,0,ali-express_reviews,Negative
roger whittle,4,positive overall. sometimes confusing,2026-03-08 11:19:38,0,ali-express_reviews,Positive
Philip Brady,5,really positive with 95% of tbe vendors,2026-03-08 10:33:57,0,ali-express_reviews,Positive
Ben P,1,"after using a number of times. my last order came broken in transit. packaging was insufficient. aliexpress made me jump through hoop after hoop and i had to film and photo an reasonable amount for the application. then what they asked for was unreasonable, a long video and photos of the package before it was opened time and date stamped which showed me opening it and finding the broken items. they did not honour the their refund policy. wont be using these scammer again!! avoid!",2026-03-08 10:17:58,1,ali-express_reviews,Negative
Fractal Codex,1,"no way to view a complete order, only individual items. is this a joke?",2026-03-08 08:14:27,0,ali-express_reviews,Negative
Karel Zegers,3,"mostly very good. but the advertising behaviour of some sellers is pretty bad. advertising products for a price, which when actually ordered changes to a much higher cost. examples are; mitutoyo digimatic verniers, most memory card sellers and others. no reponse to queries or requests for explanations. very shady behaviour, and not very well dealt with by aliexpress when complained about. very disappointing of an otherwise good site.",2026-03-08 07:27:35,0,ali-express_reviews,Negative
De P,1,i consistently got a pop up saying there was an error and my order could not be completed. contacting customer service did not help as i just kept getting sent in circles.,2026-03-08 06:01:26,1,ali-express_reviews,Negative
Gorebox gaming yt,5,"very very cheap and almost all items have free shipping, tho shipping times could be faster",2026-03-08 05:43:35,0,ali-express_reviews,Negative
a7med_fix,1,the take my item for returned then refund. but unfortunately first they take item then refuse to refund. they cheating unfortunately. very bad customer service and my money 1050 usd dollars gone . i will not give them all my life.,2026-03-08 05:00:26,0,ali-express_reviews,Negative
Yamileth Vides,1,muy mal experiencia con esta app no te permite hacer ningún retorno ni aunque el cliente tenga la razón yo ordene dos vestido de quinceañera y me enviaron algo totalmente diferente a lo que ofrece yo les envie fotos y pruebas de lo que estaba diciendo y ni aun asi me dieron la autorización para devolver los vestido asi que me toco quedarme con ellos solo malgaste mi dinero en esta app mi calificación para alixpress es de cero,2026-03-08 04:36:45,0,ali-express_reviews,Negative
Hjbihb Bjhbihb,1,app crashes when i search,2026-03-08 04:26:43,0,ali-express_reviews,Negative
Hazator,1,"theres no new suggestions,if u ever search or click on one product itll haunt u forever in the recommendations and everything related to it would be throwed at u even if u ""uninterest"" them.",2026-03-08 04:26:35,1,ali-express_reviews,Neutral
Pedram Rezaeian,1,"this app is a fraud! with unmatched prices, i approved with $38 and i end up with $48, the shipping time takes ages and now they are charging %10 tax as well! it was my third time and definitely the last time i ordered something from this app! i'll make sure nobody else that i know makes the same mistake! unreliable, unworthy of time, misleading prices! (meanwhile i put the quality aside)",2026-03-08 04:15:44,0,ali-express_reviews,Negative
Kim Barber,5,very good so far.,2026-03-08 04:08:52,0,ali-express_reviews,Positive
Bennett Woodsum,2,i am mad it said my total was 2 dollars and i was charged 10 i am mad,2026-03-08 02:37:57,0,ali-express_reviews,Neutral
Luis Arroyos,4,working great so far,2026-03-08 02:12:34,0,ali-express_reviews,Positive
Davnar Ragnar,1,"this app is either broken or designed to deliberately deceive customers. i spent some time building a ""bundle"", checked the list and went ahead with the purchase only to find most items had disappeared leaving only 10 poorer quality items for the same purchase price i had been given for 20 items. no way to trace the transaction or see any itemised receipt after purchase. if you must deal with ali express do it via their website on a secure browser. do not install this app!",2026-03-08 02:01:10,0,ali-express_reviews,Negative
Jasmine Morris,5,awesome 😎,2026-03-08 01:32:57,0,ali-express_reviews,Positive
Roeleen Bloemhof,2,i am not spanish all emails come in spanish. it is very annoying. nothing happens following and doing what you said,2026-03-08 00:34:54,0,ali-express_reviews,Negative
Delislav Asparuhov,1,too much notifications and spam!!!!!!,2026-03-07 21:51:08,1,ali-express_reviews,Negative
Irina kalpacka,5,страхотно,2026-03-07 21:45:13,0,ali-express_reviews,Neutral
Billy Pierce,1,no good,2026-03-07 20:57:37,0,ali-express_reviews,Negative
Juan Roldan,1,sucked. too many ads. buggy. super hard to stop from sending emails. everything takes forever to arrive. also you might find a 5 dollar item but with 20 dollar shipping. so yeah kinda useless,2026-03-07 20:31:42,1,ali-express_reviews,Negative
Mairaj Aslam,2,high taxes other app are without taxes disappointed,2026-03-07 20:22:13,0,ali-express_reviews,Negative
Andy Nisbet,1,massively reduce the pointless animations. nobody wants them and they're not necessary. they make using the app an endurance rather than an enjoyment.,2026-03-07 18:45:13,1,ali-express_reviews,Negative
Kandis Nikol Marek (BATMAN),2,why are yall making your app like temu?? just don't be so much like them that you can't just order what you want and that's it. we don't need anymore apps like temu. temu sucks! don't be temu,2026-03-07 18:30:10,1,ali-express_reviews,Negative
J R,3,"great things for cheap. the only thing that sucks is delivery, if you live in a building they leave it on the lobby floor for anyone to take it, not in front of your door.",2026-03-07 16:47:47,0,ali-express_reviews,Negative
parky,1,"scammers who refuse to refund you when they make a shipping error. in the uk, for your own sanity, do not choose locker delivery at checkout. instead, tell evri to deliver to a locker when they send you the email. otherwise, aliexpress might send your stuff to a different courier, who will then be unable to deliver to evri's locker, and you will be unable to get a refund from these scammers. edit: ""contact the help centre"" what do you think i've been trying to do for the past week",2026-03-07 16:18:37,1,ali-express_reviews,Neutral
Simon Jewry,1,"rubbish this is a scam app you will get burnt, i didn't want to give it one star but not able, seems stupid so no stars",2026-03-07 16:13:24,1,ali-express_reviews,Negative
FRITOSPORT,1,"scammers and frauds! they will protect a seller store that never ships your products. they provide fake tracking numbers and their ""senior teams"" will never help you get your refund for an item that is never delivered. you can provide all of the proof and yet they will never help you at all. this company doesnt honor their ""20day or refund rule"". stay away from these thieves.",2026-03-07 15:46:25,1,ali-express_reviews,Negative
Adam,1,"i paid the 3 for 90p deal and the delivery driver put it in my bin without a notice, they have refunded my the 90p but i can't get anything with it, im asking to get the bundle/deal back.",2026-03-07 15:29:54,0,ali-express_reviews,Neutral
Marie Barrow,4,great app with great products.,2026-03-07 14:57:35,0,ali-express_reviews,Positive
Nwaneri Chrisbless,1,its just the delivery tracking process for me. especially electronics or gadgets coming from china. very terrible at times. even the tracking update stops updating you. their customer service know nothing. you'll be in the dark for weeks with no information about your order's whereabouts or condition. yeah i understand delivery time varies buh at least just fv ck ing keep me updated. sometimes i do feel like uninstalling the app and then stick to temu.,2026-03-07 13:45:51,0,ali-express_reviews,Negative
Muhammadu Abubakar abdu,5,this is a good app for order the things that you are doing,2026-03-07 09:49:17,0,ali-express_reviews,Positive
Great Mogbey,4,it agood app for buy old thing buy has high shipping fee,2026-03-07 09:20:04,0,ali-express_reviews,Negative
Delawno Allen,5,"personally, this app has been very reliable. i really like the selection of items. they are affordable and exceeded my expectations on my first order. overall, it is a wonderful app.",2026-03-07 08:17:18,0,ali-express_reviews,Positive
CLEAVER SAMAKAYI,2,"improve african services, not a good app to use if you are ordering from africa. also stop sending ads in my email",2026-03-07 06:58:50,1,ali-express_reviews,Negative
Chris Diera,1,they gave me a broken mess toys black suit action figure,2026-03-07 06:42:54,0,ali-express_reviews,Negative
Trevor Thornborough,3,a very complicated device or system to follow at time but the most annoying part is contant repeatitive mailing and including immediately straight after you finished ordering ? before you get the goods theyre trying to encourage more purchases from you ? damn annoying 😑,2026-03-07 05:47:56,0,ali-express_reviews,Negative
GalaxyA05s,5,5stars,2026-03-07 05:08:31,0,ali-express_reviews,Neutral
Mark KERR,5,easy to navigate.,2026-03-07 03:48:09,0,ali-express_reviews,Positive
Mellissa Cecil,5,fast shipping great products,2026-03-07 03:25:27,0,ali-express_reviews,Positive
Marisol Chico (TheAmazingDuck),1,"alot of the sellers ""sell"" extremely cheap items just so that you can purchase the item which boosts their profile and sales on their page and makes them look good. in reality they don't have the item and will message you to cancel the order because "" the price was accidentally marked incorrectly "". another seller told me they don't receive that item that much so they wouldn't know when it will get shipped and to cancel if i need it urgently . one stop store and carino store are the scammers",2026-03-07 02:24:39,1,ali-express_reviews,Negative
Akun John,4,"thumbs up,is there a way to turn on ""dark theme mode"" in the app?",2026-03-07 02:14:24,0,ali-express_reviews,Neutral
Mark Santiago,1,useless app especially the help center! all my order not ship!,2026-03-07 01:53:16,1,ali-express_reviews,Positive
