userName,score,content,at,thumbsUpCount,source,truthLabel,score_based,rule_based,final_label,final_label_3class,vader_prediction,afinn_score,afinn_prediction
Kyri J,1,a a long term loyal customer it is clear that seller and aliexpress work together against their customer when problem arisemisleading advert documented verbal abuse from seller when legitimately complaining aliexpress really doe not care to act even after appealswhen you order something your probability of success in return is very low if there is a problem shipping is often not coveredcontact support so we can help is an automated waste of time and endless loop,2026-03-10 09:12:56,1,labeled_reviews_raw,Negative,Negative,Negative,Negative,Negative,Negative,-4,Negative
Cynthia Butler,3,ad said pick 3 free item i picked them then they said it would cost me 800 to recieve them how is that freefalse advertising,2026-03-12 17:20:41,0,labeled_reviews_raw,Negative,Neutral,Neutral,Neutral,Neutral,Positive,1,Positive
Hans Ko,1,site that dispose off factory defect at attractive price a well a advertised for one thing and shipped you another customer service for return refund are a nightmare a many here have already stated dont fall for this scam site,2026-03-12 09:12:24,1,labeled_reviews_raw,Very Negative,Negative,Negative,Negative,Negative,Negative,-5,Negative
Ben P,1,after using a number of time my last order came broken in transit packaging wa insufficient aliexpress made me jump through hoop after hoop and i had to film and photo an reasonable amount for the application then what they asked for wa unreasonable a long video and photo of the package before it wa opened time and date stamped which showed me opening it and finding the broken item they did not honour the their refund policy wont be using these scammer again avoid,2026-03-08 10:17:58,1,labeled_reviews_raw,Very Negative,Negative,Negative,Negative,Negative,Negative,-5,Negative
Tracey Grimm,5,so far i always receive my delivery earlier then stated and never a problem,2026-03-09 12:34:17,0,labeled_reviews_raw,Neutral,Positive,Negative,Neutral,Neutral,Positive,2,Positive
Emmanuel,2,i login and they keep logging me out and now theyve temporarily suspended all my account,2026-03-09 20:06:16,1,labeled_reviews_raw,Negative,Negative,Neutral,Negative,Negative,Negative,-1,Negative
Ronnie,1,full of scammer constantly spamming email and push notification dog,2026-03-11 04:56:46,1,labeled_reviews_raw,Negative,Negative,Neutral,Negative,Negative,Negative,-2,Negative
Luis Arroyos,4,working great so far,2026-03-08 02:12:34,0,labeled_reviews_raw,Positive,Positive,Positive,Positive,Positive,Positive,3,Positive
Delislav Asparuhov,1,too much notification and spam,2026-03-07 21:51:08,1,labeled_reviews_raw,Negative,Negative,Neutral,Negative,Negative,Negative,-2,Negative
Scott Conder,1,seller photo and description are misleading price have gotten too high seller have raised price by 500 on most item not worth it the search algorithm is garbage aliexpress need to govern the seller action better i waste too much time looking for what i want i get frustrated and go to ebay instead,2026-03-12 00:27:03,4,labeled_reviews_raw,Negative,Negative,Negative,Negative,Negative,Negative,-5,Negative
philip paranthoiene,4,nb i never give 5 star for anything so 4 star is a maximum i had an issue with a delivery got to my country then disappearedali express were prompt and courteous to deal with it i wa eventually refunded the full amount i have now purchased the same item again,2026-03-11 08:06:57,0,labeled_reviews_raw,Positive,Positive,Negative,Positive,Positive,Positive,2,Positive
parky,1,scammer who refuse to refund you when they make a shipping error in the uk for your own sanity do not choose locker delivery at checkout instead tell evri to deliver to a locker when they send you the email otherwise aliexpress might send your stuff to a different courier who will then be unable to deliver to evris locker and you will be unable to get a refund from these scammer edit contact the help centre what do you think ive been trying to do for the past week,2026-03-07 16:18:37,1,labeled_reviews_raw,Neutral,Negative,Negative,Negative,Negative,Negative,-2,Negative
Hjbihb Bjhbihb,1,app crash when i search,2026-03-08 04:26:43,0,labeled_reviews_raw,Negative,Negative,Neutral,Negative,Negative,Negative,-2,Negative
Kevin Mcmahon,4,excellent,2026-03-10 23:47:10,0,labeled_reviews_raw,Positive,Positive,Positive,Positive,Positive,Positive,3,Positive
Marie Barrow,4,great app with great product,2026-03-07 14:57:35,0,labeled_reviews_raw,Positive,Positive,Positive,Positive,Positive,Positive,6,Positive
Juan Roldan,1,sucked too many ad buggy super hard to stop from sending email everything take forever to arrive also you might find a 5 dollar item but with 20 dollar shipping so yeah kinda useless,2026-03-07 20:31:42,1,labeled_reviews_raw,Negative,Negative,Neutral,Negative,Negative,Negative,0,Neutral
Nicole Trammell,5,fun,2026-03-11 15:29:00,0,labeled_reviews_raw,Positive,Positive,Neutral,Positive,Positive,Positive,4,Positive
Marky B,1,dont expect refund avoid or be robbed customer service ai and just sends repetitive reply to any and all complaint avoid they sent a link that doesnt work a a reply too late deleted app all i can do is warn others not to install,2026-03-08 14:32:21,0,labeled_reviews_raw,Negative,Negative,Negative,Negative,Negative,Negative,-2,Negative
Zack,1,signed up and it instantly started spamming me uninstalled,2026-03-10 21:40:26,1,labeled_reviews_raw,Negative,Negative,Neutral,Negative,Negative,Negative,-2,Negative
Alex likes dogs,1,very slowit show gross image no matter what you look upthings like infection or sexual image if an item say delivered and you didnt get it you dont get a refund the page refreshes every time i try to get one so i just cant also ha thing like swastika and l0li the customer service doesnt help and you have to take 50 picture of each item to return it even if you didnt get the item literally no way to get refund do not install,2026-03-11 06:46:07,12,labeled_reviews_raw,Negative,Negative,Negative,Negative,Negative,Negative,-3,Negative
Captain Traveler,1,the worst company ever see you at the court,2026-03-09 14:48:05,0,labeled_reviews_raw,Very Negative,Negative,Negative,Negative,Negative,Negative,-3,Negative
GIZMO SATANICO,1,i can not sign in 10003 server or network error,2026-03-12 16:56:00,0,labeled_reviews_raw,Neutral,Negative,Negative,Negative,Negative,Negative,-2,Negative
Lion Soldier,3,title great app but impossible to pay in ghana i really want to use this app more and give it 5 star but i am forced to give it 3 star because of the payment method in ghana most of u do not have bank account or international card we use mtn mobile money momo for everything there are million of u ready to buy but we are stuck at the checkout if you add mtn momo your app will be the 1 choice in ghana please help u shop by adding local mobile money option,2026-03-08 19:03:02,0,labeled_reviews_raw,Negative,Neutral,Neutral,Neutral,Neutral,Positive,3,Positive
Russell Perkins,1,disgusting treatment false advertising a pair of product that were sold but never recieved claiming it wa only one of the item when ive got evidence from advert and order receipt delayed delayed delayed now im still fighting for a refund 2 month down the line never been treated like this by a company and their seller watch out for navrider seller total scam ali express are enabling many like them and withholding my refund after admission of negligence,2026-03-10 10:50:39,1,labeled_reviews_raw,Very Negative,Negative,Negative,Negative,Negative,Negative,-8,Negative
Jaco van As,1,i wa hesitant from the start and should have trusted my gut aliexpress is a scam you wait for ever to get your product and then they robbed you by not giving it the way you ordered when you complain they put it on you to provide solid proof the you do that and they say it still not enough proof i just lost money what a scam will be reporting this to play store a well,2026-03-11 08:42:40,1,labeled_reviews_raw,Very Negative,Negative,Negative,Negative,Negative,Negative,-7,Negative
CATCH22,3,seller are polite and helpful but some use chat bot that when an item is not sent you cant get a satisfactory answer,2026-03-11 13:23:47,1,labeled_reviews_raw,Negative,Neutral,Negative,Negative,Negative,Negative,2,Positive
Sonia Ikie,1,awful scammer my transaction history is lost after paying for good,2026-03-10 19:19:07,1,labeled_reviews_raw,Very Negative,Negative,Positive,Very Negative,Negative,Negative,-3,Negative
Alex,1,i can not buy from their shop it doesnt allow me to use my real name their customer service even email is ai and go in circle if they dont want me to buy fine thats on them,2026-03-11 07:43:39,1,labeled_reviews_raw,Negative,Negative,Negative,Negative,Negative,Neutral,0,Neutral
Dokiware,1,the shipping fee are way too ridiculous,2026-03-09 14:26:16,0,labeled_reviews_raw,Negative,Negative,Neutral,Negative,Negative,Negative,-3,Negative
W. Simmons,5,so many cool gift,2026-03-09 08:25:34,0,labeled_reviews_raw,Positive,Positive,Neutral,Positive,Positive,Positive,3,Positive
e G,1,imma have to give this one star only because of it false advertisement on the pricing,2026-03-12 19:22:18,0,labeled_reviews_raw,Very Negative,Negative,Neutral,Very Negative,Negative,Neutral,0,Neutral
Zelda Hulley,1,funny how the discount is removed a soon a you need to pay,2026-03-12 14:39:26,0,labeled_reviews_raw,Negative,Negative,Neutral,Negative,Negative,Positive,3,Positive
Bridgette Schram,1,horrible business avoid at all cost i wa missing an item from my order and they refused a refund asked me to prove that i never received it use temu faster shipping reliable and excellent customer service,2026-03-11 16:39:01,1,labeled_reviews_raw,Very Negative,Negative,Negative,Negative,Negative,Negative,-5,Negative
Rob G,1,terrible customer service impossible to get your money back when a faulty product is shipped,2026-03-11 02:20:19,1,labeled_reviews_raw,Very Negative,Negative,Negative,Negative,Negative,Negative,-3,Negative
Victor Hugo,1,minha conta está dando problemas de segurança na hora de aplicar cupons porque só para aplicar cupons que dá erro de segurança duvido que se fosse uma compra ele iria dar o mesmo bloqueio,2026-03-08 15:49:28,0,labeled_reviews_raw,Negative,Negative,Neutral,Negative,Negative,Neutral,0,Neutral
Holly Benitez,5,i purchased a set of ear bud for99 and ive been so happy with them now im going to try to make another purchase for another great item,2026-03-10 02:35:23,0,labeled_reviews_raw,Positive,Positive,Positive,Positive,Positive,Positive,6,Positive
Victor S,3,after year of usage ive noticed something different with some purchase after buying something with high rating and later open the item you already bought you realize it from another store where that same item ha low rating obviously another store owned by the same person like you buy something with average rating of 49 star in one store and later see that it wa purchased from another store with a 41 rating,2026-03-09 05:11:23,8,labeled_reviews_raw,Neutral,Neutral,Neutral,Neutral,Neutral,Positive,4,Positive
Kevin Rankin,1,they have taken my money on 2 occasion and never delivered the item and did not provide a refund their customer service is the worst they send lengthy pasted message that have no relevance their response wa to go back to the same pathetic customer service that i wrote this about,2026-03-09 04:12:30,0,labeled_reviews_raw,Negative,Negative,Negative,Negative,Negative,Negative,-5,Negative
Yamileth Vides,1,muy mal experiencia con esta app no te permite hacer ningún retorno ni aunque el cliente tenga la razón yo ordene do vestido de quinceañera y me enviaron algo totalmente diferente a lo que ofrece yo le envie fotos y pruebas de lo que estaba diciendo y ni aun asi me dieron la autorización para devolver los vestido asi que me toco quedarme con ellos solo malgaste mi dinero en esta app mi calificación para alixpress e de cero,2026-03-08 04:36:45,0,labeled_reviews_raw,Very Negative,Negative,Neutral,Very Negative,Negative,Negative,0,Neutral
Dirty South 316,1,absolute jokedo not use this website absolute joke,2026-03-11 00:23:02,1,labeled_reviews_raw,Very Negative,Negative,Negative,Negative,Negative,Positive,2,Positive
Matt Schellhaas,5,i lalalaley try aliexpress before and thery are not freaking scammer trust me aliexpress it good,2026-03-10 23:33:59,0,labeled_reviews_raw,Negative,Positive,Neutral,Negative,Negative,Positive,2,Positive
Marisol Chico (TheAmazingDuck),1,alot of the seller sell extremely cheap item just so that you can purchase the item which boost their profile and sale on their page and make them look good in reality they dont have the item and will message you to cancel the order because the price wa accidentally marked incorrectly another seller told me they dont receive that item that much so they wouldnt know when it will get shipped and to cancel if i need it urgently one stop store and carino store are the scammer,2026-03-07 02:24:39,1,labeled_reviews_raw,Negative,Negative,Neutral,Negative,Negative,Negative,-1,Negative
Paris Tunc,1,there r seller send me a scam 2kg battery instead of 20kg and 160 they charged me after 2 week they make me still stuck to in limbo and i read all review and he is a well known con artist a many people had same l so this is a criminal minded company for not cancelling those fraud reveryday multiple time and they did nothing a i warned them to put bank into case to give a total black list for that brand and they didnt listen and i got email that they are paying me and they willpenalise,2026-03-12 04:45:50,0,labeled_reviews_raw,Very Negative,Negative,Negative,Negative,Negative,Negative,-3,Negative
Jamie Harris,1,when i unsubscribe from certain notification category i still receive notification for those category this practice is unlawful,2026-03-12 10:41:23,0,labeled_reviews_raw,Negative,Negative,Neutral,Negative,Negative,Positive,1,Positive
Stefan Flavius Chiper,5,cumpărați cu încredere produsele sunt de calitate înaltă și chiar sunt foarte bune indiferent de faptul că sunt produse în china nu am avut niciodată problema cu cumpărăturile ba chiar am prins niște oferte foarte avantajoase la produse de la branduri populare,2026-03-09 15:26:03,0,labeled_reviews_raw,Positive,Positive,Neutral,Positive,Positive,Neutral,0,Neutral
Mark KERR,5,easy to navigate,2026-03-07 03:48:09,0,labeled_reviews_raw,Positive,Positive,Neutral,Positive,Positive,Positive,1,Positive
Martin Gray,1,tried this and ordered a few thing through one of their offer the package arrived with yodel left on my doorstep for hour finally got home and opened it and half the item are missing and the customer support is unable to figure out i want a refund or the item replacing keep trying to blame courier edit went through the horrendous refund process where you have to raise a refund per item missing all got rejected a i have no proof from the courier and didnt video the opening crazy,2026-03-12 09:22:16,1,labeled_reviews_raw,Negative,Negative,Neutral,Negative,Negative,Negative,-9,Negative
Sara Oliver,5,easy shopping with fun innovative broad selection,2026-03-12 14:36:42,0,labeled_reviews_raw,Positive,Positive,Neutral,Positive,Positive,Positive,7,Positive
Trisna Di Japan,1,scam my order wa not sent maybe because it wa free,2026-03-08 23:13:33,0,labeled_reviews_raw,Very Negative,Negative,Negative,Negative,Negative,Negative,-1,Negative
Mike M,2,advertising one thing but sending another still waiting for their customer service to get back to me on my order,2026-03-10 16:17:36,1,labeled_reviews_raw,Negative,Negative,Neutral,Negative,Negative,Neutral,0,Neutral
porscha foster,1,talk about false advertisement only downloaded to prove that the ps5 they advertise on the ad wa for 1 i said yeah right downloaded and they are between 90016k plus between 4065 shipping fee im sure you can grab a ps5 for around 500 in shop with no shipping,2026-03-09 20:28:00,1,labeled_reviews_raw,Neutral,Negative,Neutral,Neutral,Neutral,Negative,1,Positive
Roeleen Bloemhof,2,i am not spanish all email come in spanish it is very annoying nothing happens following and doing what you said,2026-03-08 00:34:54,0,labeled_reviews_raw,Negative,Negative,Negative,Negative,Negative,Negative,-2,Negative
Asia Johnson,3,buy from these guy,2026-03-12 20:36:18,0,labeled_reviews_raw,Negative,Neutral,Neutral,Neutral,Neutral,Neutral,0,Neutral
Kelly Baker,3,hi i am having problem with the app ive updated it and also uninstall it and reinstalled it but it wont let me have the free gjft that it say i have won a it keep saying it doesnt support me viewing local supermarket item please update your app to our latest version i have done please sort this out,2026-03-09 13:48:51,0,labeled_reviews_raw,Negative,Neutral,Negative,Negative,Negative,Positive,2,Positive
I love Fnaf,5,ι αм ηєω нєяє αη ѕσяяу ι υѕє тнιѕ ƒσηт ι αм 9 уєαяѕ σℓ αη ι ƒιη тнιѕ νєяу σηƒυѕιηg вυт ι ℓσνє ιт ιтѕ ƒυη ωнєяє уσυ gєт αρρѕ,2026-03-09 18:15:45,0,labeled_reviews_raw,Very Positive,Positive,Neutral,Very Positive,Positive,Neutral,0,Neutral
Craig Maybury,1,the app is crashing constantly now i cant acess the play and earm area at all,2026-03-11 02:53:35,0,labeled_reviews_raw,Negative,Negative,Neutral,Negative,Negative,Negative,0,Neutral
frank quru,1,repetitive and irrelevant response never address raised issue directly been 2 month since i placed a order they still keep telling me it in transit arrived i country 40 day ago see reply how stupid can they be still wanting me to repeat my issue again see their ridiculous response,2026-03-09 03:10:22,1,labeled_reviews_raw,Very Negative,Negative,Negative,Negative,Negative,Negative,-5,Negative
Xzaevory Gonzalez,3,,2026-03-10 06:16:52,1,labeled_reviews_raw,Neutral,Neutral,Neutral,Neutral,Neutral,Neutral,0,Neutral
Jasmine Morris,5,awesome,2026-03-08 01:32:57,0,labeled_reviews_raw,Very Positive,Positive,Neutral,Very Positive,Positive,Positive,4,Positive
Misty Vanhorn,5,fast delivery good price on most the item product look good,2026-03-10 07:58:37,0,labeled_reviews_raw,Positive,Positive,Positive,Positive,Positive,Positive,6,Positive
Bennett Woodsum,2,i am mad it said my total wa 2 dollar and i wa charged 10 i am mad,2026-03-08 02:37:57,0,labeled_reviews_raw,Neutral,Negative,Neutral,Neutral,Neutral,Negative,-9,Negative
Johan Spruyt,1,i do not recommend aliexpress ordered item never received after tracking it appears the item wa never sent no item and no refund they say item is in local custom yet when contacting custom they find nothing under the supplied tracking number shop on own risk,2026-03-10 06:37:24,1,labeled_reviews_raw,Very Negative,Negative,Negative,Negative,Negative,Neutral,-4,Negative
Arminas Matulevicius,5,i couldnt say anything bad is like amazon but cheaper a lot cheaper and u get prize,2026-03-12 08:39:04,0,labeled_reviews_raw,Positive,Positive,Negative,Positive,Positive,Positive,-1,Negative
Michael Ward,1,ive tried contacting aliexpress on numerous occasion with no replyi ordered an item in january and order still not arrived checked tracker saying shipment cancelled but have no explanation into when it will arrive lost patience with themwhy cant i have some communication,2026-03-12 18:54:50,0,labeled_reviews_raw,Neutral,Negative,Negative,Negative,Negative,Negative,-4,Negative
Senzo blessing Cele,5,yes i will pay,2026-03-12 06:20:22,0,labeled_reviews_raw,Neutral,Positive,Neutral,Neutral,Neutral,Positive,0,Neutral
Luna,1,had a item missing from order and having trouble getting my money back,2026-03-09 16:33:13,1,labeled_reviews_raw,Negative,Negative,Neutral,Negative,Negative,Negative,-4,Negative
Eyo Peter,3,if you are ordering from nigeria just know that it a one way trip if item is damaged you wont be able to return it ive lost serious money because of this almost 100k after one of the seller sent me a amoled display that doesnt work the platform doesnt have a realistic return logistics for nigeria like temu so if you can take the risk then go ahead,2026-03-12 01:16:13,1,labeled_reviews_raw,Negative,Neutral,Neutral,Neutral,Neutral,Negative,-3,Negative
Great Mogbey,4,it agood app for buy old thing buy ha high shipping fee,2026-03-07 09:20:04,0,labeled_reviews_raw,Negative,Positive,Neutral,Negative,Negative,Positive,2,Positive
Evarest Natse,1,ali express are the worst ive been following up on a refund for 4 month and till today i have never gotten my money back the app is full of scammer who just want your money dont buy anything from ali express again,2026-03-10 12:19:25,1,labeled_reviews_raw,Very Negative,Negative,Negative,Negative,Negative,Negative,-2,Negative
Shermonia Dobbs,5,wait on my package and they do offer discount and play game to add to your order,2026-03-09 04:43:07,0,labeled_reviews_raw,Neutral,Positive,Neutral,Neutral,Neutral,Positive,0,Neutral
Marcie Graham,1,never got my stuff they lied about the mailing source dont trust them i lost out on my money too temu is better,2026-03-11 21:53:27,0,labeled_reviews_raw,Very Negative,Negative,Negative,Negative,Negative,Negative,-4,Negative
Sal,5,thank you,2026-03-09 13:29:35,0,labeled_reviews_raw,Positive,Positive,Neutral,Positive,Positive,Positive,2,Positive
Gorebox gaming yt,5,very very cheap and almost all item have free shipping tho shipping time could be faster,2026-03-08 05:43:35,0,labeled_reviews_raw,Very Negative,Positive,Neutral,Very Negative,Negative,Positive,1,Positive
ПСИХОПАТИНА,1,lie at every turn,2026-03-12 01:37:03,0,labeled_reviews_raw,Neutral,Negative,Neutral,Neutral,Neutral,Neutral,0,Neutral
Sissie Payne,1,bad customer service,2026-03-09 16:56:06,1,labeled_reviews_raw,Negative,Negative,Negative,Negative,Negative,Negative,-3,Negative
Mark -,1,i cant upload video to the app when requesting a refund,2026-03-09 21:28:32,1,labeled_reviews_raw,Neutral,Negative,Neutral,Neutral,Neutral,Neutral,0,Neutral
rrockstaarr,1,terrible app havnt received my order and it been well over a month no refund they keep replying that someone will get back to me within 2448 hour so i message every three day and still the same response do not buy from here,2026-03-12 10:18:33,1,labeled_reviews_raw,Very Negative,Negative,Negative,Negative,Negative,Negative,-3,Negative
SHaina Callaway,5,i can biy plow for 67 since,2026-03-09 03:42:08,0,labeled_reviews_raw,Neutral,Positive,Neutral,Neutral,Neutral,Neutral,0,Neutral
Angela Stern,1,garbage no comment,2026-03-10 06:11:01,1,labeled_reviews_raw,Very Negative,Negative,Neutral,Very Negative,Negative,Negative,0,Neutral
trish Pyles,1,did not load,2026-03-09 23:21:46,1,labeled_reviews_raw,Negative,Negative,Negative,Negative,Negative,Neutral,0,Neutral
Samarth Sandeep,1,this is by far the worst app i have bought 3 product from it and non of them have came and when i contact the shipping company they instantly hang up highly whould not recommend most of the 5 star review are probobly bot and this is one of the worst apps do not install or use and the same happend to my friend,2026-03-12 22:14:26,0,labeled_reviews_raw,Very Negative,Negative,Negative,Negative,Negative,Negative,-8,Negative
Hassan Jones,1,they did not deliver my package when i asked for a refund or for a replacement i wa ignored and never received anything back regarding the situation,2026-03-10 23:58:35,1,labeled_reviews_raw,Negative,Negative,Negative,Negative,Negative,Negative,-2,Negative
Mr Smith,1,ha stopped accepting my debitcredit card,2026-03-12 00:05:51,0,labeled_reviews_raw,Negative,Negative,Neutral,Negative,Negative,Positive,2,Positive
Nwaneri Chrisbless,1,it just the delivery tracking process for me especially electronics or gadget coming from china very terrible at time even the tracking update stop updating you their customer service know nothing youll be in the dark for week with no information about your order whereabouts or condition yeah i understand delivery time varies buh at least just fv ck ing keep me updated sometimes i do feel like uninstalling the app and then stick to temu,2026-03-07 13:45:51,0,labeled_reviews_raw,Very Negative,Negative,Negative,Negative,Negative,Negative,-1,Negative
CLEAVER SAMAKAYI,2,improve african service not a good app to use if you are ordering from africa also stop sending ad in my email,2026-03-07 06:58:50,1,labeled_reviews_raw,Negative,Negative,Neutral,Negative,Negative,Negative,-2,Negative
Atif Ahmed,5,good,2026-03-10 17:21:46,0,labeled_reviews_raw,Positive,Positive,Positive,Positive,Positive,Positive,3,Positive
De P,1,i consistently got a pop up saying there wa an error and my order could not be completed contacting customer service did not help a i just kept getting sent in circle,2026-03-08 06:01:26,1,labeled_reviews_raw,Negative,Negative,Negative,Negative,Negative,Negative,-4,Negative
Zachary Hernandez,1,signed up for an account and instantly got my account locked before i could even make my first purchase when i appealed they still didnt tell me why my account wa locked waste of my time,2026-03-12 05:26:23,0,labeled_reviews_raw,Very Negative,Negative,Neutral,Very Negative,Negative,Negative,-1,Negative
Delawno Allen,5,personally this app ha been very reliable i really like the selection of item they are affordable and exceeded my expectation on my first order overall it is a wonderful app,2026-03-07 08:17:18,0,labeled_reviews_raw,Positive,Positive,Neutral,Positive,Positive,Positive,8,Positive
J,5,it s really good app and all the product come in good shape and it ha affordable price,2026-03-11 12:05:12,0,labeled_reviews_raw,Positive,Positive,Positive,Positive,Positive,Positive,8,Positive
Jagger Norden,2,price are good but i hate that choice thing almost everything is a choice i want to buy one thing not three please remove this aliexpress,2026-03-12 13:02:02,1,labeled_reviews_raw,Negative,Negative,Negative,Negative,Negative,Negative,0,Neutral
Diane,1,mostly everything that i bought from them wa cheap flimsy junk especially the clothing i wa new on this site and i bought a lot of stuff i wish i hadnt i could have found nicer stuff thrown away in a dumpster several item i never even received when complained i wa ignored no customer service phone number i tried to cancel a couple order immediately after i ordered them it wa sent anyway and i wa charged for it despite all of the effort that i put in with customer service,2026-03-09 03:00:26,0,labeled_reviews_raw,Very Negative,Negative,Negative,Negative,Negative,Negative,-7,Negative
S LMK,1,really sick of the constant pop ups and ad just let me purchase in peace ffs unable to turn off constant promotional message from store which flood your message center until it impossible to find important message the user experience could not possibly be more frustrating i do not want to play a stupid mobile game for coin absolute masterclass in userhostile hateful design,2026-03-10 05:43:29,3,labeled_reviews_raw,Very Negative,Negative,Negative,Negative,Negative,Negative,-3,Negative
Thomas Arthur,5,amazed,2026-03-12 07:25:11,0,labeled_reviews_raw,Very Positive,Positive,Neutral,Very Positive,Positive,Positive,2,Positive
Honor Ao,1,the item i ordered never arrived i also reorder still nothing waste of moneyon this apk,2026-03-12 18:57:06,0,labeled_reviews_raw,Very Negative,Negative,Negative,Negative,Negative,Positive,1,Positive
GalaxyA05s,5,5stars,2026-03-07 05:08:31,0,labeled_reviews_raw,Neutral,Positive,Neutral,Neutral,Neutral,Neutral,0,Neutral
Fractal Codex,1,no way to view a complete order only individual item is this a joke,2026-03-08 08:14:27,0,labeled_reviews_raw,Very Negative,Negative,Neutral,Very Negative,Negative,Positive,2,Positive
Lebohang Pasane,1,worst experience ever they were so nice before i bought but after i bought they became cold and negligent they lied and said my order is in my country but it never arrived if thats how they go about scamming people judgement is surely to befall them i forgive you no string attached i just feel sorry for you,2026-03-12 20:04:32,0,labeled_reviews_raw,Very Negative,Negative,Negative,Negative,Negative,Negative,-2,Negative
Cynthia Swartout,1,it just not for me i unsubscribed and i still get email from them i am not interested in this company and dont know why i still get email from them when i unsubscribed i wish they would stop sending me email please and thank you,2026-03-12 09:46:43,0,labeled_reviews_raw,Negative,Negative,Negative,Negative,Negative,Positive,1,Positive
kourtly dentley,1,dont order wates of time never came then win i order again price went up,2026-03-09 15:51:48,1,labeled_reviews_raw,Negative,Negative,Negative,Negative,Negative,Negative,-4,Negative
Toni Dawn Moore,4,never shopped there yet,2026-03-12 21:24:39,0,labeled_reviews_raw,Very Negative,Positive,Negative,Very Negative,Negative,Neutral,0,Neutral
Gary Shaw,3,it ok to play game and shop really not for me,2026-03-12 08:08:25,0,labeled_reviews_raw,Positive,Neutral,Negative,Positive,Positive,Positive,0,Neutral
Travis Campbell,2,good,2026-03-09 02:27:46,0,labeled_reviews_raw,Positive,Negative,Positive,Positive,Positive,Positive,3,Positive
sathish malamkunnu,1,what is this what a price for the good temu is better than aliexpress,2026-03-08 21:31:38,1,labeled_reviews_raw,Neutral,Negative,Positive,Neutral,Neutral,Positive,5,Positive
Angie,1,their price are not honest if you add to cart and select the shipping their price will become higher be careful this is dishonest marketing they tell you one cheap price then upcharge once you are about to purchase the item,2026-03-09 23:47:09,1,labeled_reviews_raw,Negative,Negative,Negative,Negative,Negative,Negative,-2,Negative
Abba abdullahi,5,gud app,2026-03-08 22:25:24,0,labeled_reviews_raw,Positive,Positive,Neutral,Positive,Positive,Neutral,0,Neutral
Dash Mxt,1,if youre in need of the product very quickly you may get a heart attack coz they take forever and you may even forget and think it a scam,2026-03-12 19:19:55,0,labeled_reviews_raw,Negative,Negative,Neutral,Negative,Negative,Negative,-4,Negative
Sara J,1,no where to register for an account,2026-03-11 11:22:59,0,labeled_reviews_raw,Negative,Negative,Neutral,Negative,Negative,Negative,0,Neutral
--,1,im not registered with a google email address why are you are forcing me to do it you useless npc i cant sign in anymore cant write my email address because aliexpress is reading my google play email you are violating gdpr,2026-03-09 22:52:26,1,labeled_reviews_raw,Very Negative,Negative,Negative,Negative,Negative,Negative,-4,Negative
Rick Hess,5,so far everything i have ordered ha been fine and i will order more thing a the need them,2026-03-08 19:14:09,0,labeled_reviews_raw,Positive,Positive,Neutral,Positive,Positive,Positive,4,Positive
Hazator,1,there no new suggestionsif u ever search or click on one product itll haunt u forever in the recommendation and everything related to it would be throwed at u even if u uninterest them,2026-03-08 04:26:35,1,labeled_reviews_raw,Neutral,Negative,Neutral,Neutral,Neutral,Negative,-1,Negative
Kayanat Anika,1,honestly i think there is a problem cuz i cant download it,2026-03-12 23:21:40,0,labeled_reviews_raw,Negative,Negative,Negative,Negative,Negative,Positive,-2,Negative
Akun John,4,thumb upis there a way to turn on dark theme mode in the app,2026-03-07 02:14:24,0,labeled_reviews_raw,Neutral,Positive,Neutral,Neutral,Neutral,Neutral,0,Neutral
Herby Osbourne,1,horrible customer service locked my account and wont give a reason or help to get it back,2026-03-08 13:09:19,0,labeled_reviews_raw,Very Negative,Negative,Negative,Negative,Negative,Negative,-1,Negative
Ethel Reid,1,it not letting me pick what i want,2026-03-11 04:43:07,0,labeled_reviews_raw,Negative,Negative,Negative,Negative,Negative,Positive,1,Positive
adamebrahiem 6,1,that is terrible it keep saying your account is freezing and your account ha risk registration,2026-03-09 15:16:40,0,labeled_reviews_raw,Negative,Negative,Negative,Negative,Negative,Negative,-3,Negative
Benjamin Brewer,4,i like this app very good,2026-03-11 08:53:13,0,labeled_reviews_raw,Positive,Positive,Positive,Positive,Positive,Positive,5,Positive
Ruth Mawson,1,my account is locked ive never used aliexpress download this again same thing youre account is locked tried to sign in wouldnt have email phone number first of all no uk code suddenly im on the aliexpress site go to look at something please sign in with your phone number please enter a valid phone number i enter it again this time with the uk code in front please enter a valid phone number never again uninstalling,2026-03-12 00:58:13,2,labeled_reviews_raw,Very Negative,Negative,Negative,Negative,Negative,Positive,3,Positive
a7med_fix,1,the take my item for returned then refund but unfortunately first they take item then refuse to refund they cheating unfortunately very bad customer service and my money 1050 usd dollar gone i will not give them all my life,2026-03-08 05:00:26,0,labeled_reviews_raw,Very Negative,Negative,Negative,Negative,Negative,Negative,-5,Negative
John Ogba,1,very bad experience i bought a fake and damaged glass no compensation i just wasted my 3299 for nothing i did not use the video camera glass twice it stopped charging and all of a sudden the glass pulled out from the lens i am so disappointed that your customer service said they can not do anything that mean i should dispose the glass and lose my money i will continue to give you bad feedback if nothing is done,2026-03-12 09:40:26,0,labeled_reviews_raw,Very Negative,Negative,Negative,Negative,Negative,Negative,-14,Negative
Ankur Jain,1,in simple word pathetic experience with aliexpress all the best whoever using their portal,2026-03-12 01:40:07,0,labeled_reviews_raw,Very Negative,Negative,Positive,Very Negative,Negative,Positive,1,Positive
Gerri Cooper,1,ive had enough of purchasing thing and then having the item come totally different from what i purchased or not coming at all and then i get a refund without even let me know that it not coming im not shopping with them anymore the seller are crook false advertising and just straight up not a good platform to buy thing from i give it one star because there no less than one,2026-03-10 00:51:45,1,labeled_reviews_raw,Negative,Negative,Neutral,Negative,Negative,Negative,-2,Negative
Ben Hunt,1,they dont honor their fast ship program all you get is the run around spend the few extra dollar and get it from tic tok shop,2026-03-08 12:35:23,0,labeled_reviews_raw,Negative,Negative,Neutral,Negative,Negative,Negative,-2,Negative
roger whittle,4,positive overall sometimes confusing,2026-03-08 11:19:38,0,labeled_reviews_raw,Positive,Positive,Neutral,Positive,Positive,Positive,0,Neutral
Michael K,1,aliexpress ha reached a new low not only did they fail to deliver a combined shipment of multiple item but they also provided false tracking information to paypal to block a legitimate refund the support is nonexistent and the buyer protection is a complete fabrication i am now escalating this a a fraudulent transaction through my credit card company to force a chargeback do not trust this platform with your money they will lie to payment processor to avoid taking responsibility,2026-03-12 10:28:27,1,labeled_reviews_raw,Very Negative,Negative,Negative,Negative,Negative,Negative,-4,Negative
Jesson,1,brought faulty item refused credit or refund unable to submit video or picture due to their site not accepting the file even though format wa correct uninstalling over a mere 12,2026-03-12 12:23:59,0,labeled_reviews_raw,Very Negative,Negative,Negative,Negative,Negative,Negative,-3,Negative
FRITOSPORT,1,scammer and fraud they will protect a seller store that never ship your product they provide fake tracking number and their senior team will never help you get your refund for an item that is never delivered you can provide all of the proof and yet they will never help you at all this company doesnt honor their 20day or refund rule stay away from these thief,2026-03-07 15:46:25,1,labeled_reviews_raw,Very Negative,Negative,Negative,Negative,Negative,Negative,-12,Negative
Bertha Mata,5,i love them i will continue to order from here update i havent purchased anything in a few year now because someone used my info and purchased 200 dollar worth of stuff so i uninstalled this app but i do miss ali,2026-03-08 19:08:19,0,labeled_reviews_raw,Negative,Positive,Positive,Positive,Positive,Positive,3,Positive
Eric Laforge,1,i always get scammed they always find a way,2026-03-10 23:15:15,198,labeled_reviews_raw,Positive,Negative,Neutral,Positive,Positive,Neutral,0,Neutral
Emily Coleman,5,everything is so cheap and easy to order and receive it on time and it always good product,2026-03-12 01:45:45,0,labeled_reviews_raw,Very Positive,Positive,Positive,Positive,Positive,Positive,4,Positive
Kim Barber,5,very good so far,2026-03-08 04:08:52,0,labeled_reviews_raw,Positive,Positive,Positive,Positive,Positive,Positive,3,Positive
Faith McLean,5,i love aliexpress theyre so much better than another online place where you can buy stuff you can buy something for 2 off of here you dont have to spend 20 like you do on the other website so far i have not been disappointed on anything i bought from them and i have bought a lot of stuff and just a month and a half ive bought over 100 item if not more,2026-03-11 23:58:23,0,labeled_reviews_raw,Negative,Positive,Negative,Negative,Negative,Positive,9,Positive
Anthoz Duppiez,4,i love this app,2026-03-10 09:31:45,0,labeled_reviews_raw,Positive,Positive,Positive,Positive,Positive,Positive,3,Positive
S Marie,1,twice i never received my item and wa never given a refund the courier never presented proof of delivery both time but said the item were delivered hit or miss good luck im out 70 buck wa told i needed to provide proof i never received the item but wheres the delivery proof picture scam artist edit i contacted aliexpress help center everyday for almost 3 week spent hour wasting my time so no ill just never buy anything ever again please dont waste your time and money people,2026-03-08 12:52:49,0,labeled_reviews_raw,Very Negative,Negative,Negative,Negative,Negative,Negative,6,Positive
Leashanta Chism,1,i wish i could give it a minus i had a package stolen even have a police report and couldnt get a refund,2026-03-12 01:02:10,0,labeled_reviews_raw,Negative,Negative,Neutral,Negative,Negative,Negative,-1,Negative
Davis Ron,5,good app,2026-03-09 03:54:02,0,labeled_reviews_raw,Positive,Positive,Positive,Positive,Positive,Positive,3,Positive
Rubysu aka Natalie Debler,3,my first package arrived but with counterfeit postage i had to pay an extra 1375 to get from my local post office i hope the other 2 do not happen this way,2026-03-12 21:38:03,0,labeled_reviews_raw,Negative,Neutral,Negative,Negative,Negative,Positive,1,Positive
Kinsley,5,i love it,2026-03-10 01:40:24,0,labeled_reviews_raw,Positive,Positive,Positive,Positive,Positive,Positive,3,Positive
Jo Carbonell,1,i orrderd window tint and that wa two week ago still nothing guess the delivery person wanted the package more or they just decided not to fill the order and keep the moneywhy you think thing are cheap on advertisingthey keep your money,2026-03-11 17:23:22,0,labeled_reviews_raw,Negative,Negative,Negative,Negative,Negative,Neutral,0,Neutral
Liam Schrape,1,buyer beware i bought a lego style brick building kit for my son it wa some time after purchase when he finally started working on it the quality wa very poor even with adult assistance the toy would fall apart with the slightest movement even when trying to add the next piece to the model aliexpress and the seller mi ya toyneither will take responsibility or make a goodwill refund or credit moral of the story check all purchase for quality quickly when you receive them,2026-03-09 07:04:42,0,labeled_reviews_raw,Very Negative,Negative,Negative,Negative,Negative,Negative,-2,Negative
Kandis Nikol Marek (BATMAN),2,why are yall making your app like temu just dont be so much like them that you cant just order what you want and thats it we dont need anymore apps like temu temu suck dont be temu,2026-03-07 18:30:10,1,labeled_reviews_raw,Very Negative,Negative,Negative,Negative,Negative,Positive,4,Positive
Mairaj Aslam,2,high tax other app are without tax disappointed,2026-03-07 20:22:13,0,labeled_reviews_raw,Negative,Negative,Neutral,Negative,Negative,Positive,-2,Negative
Adam,1,i paid the 3 for 90p deal and the delivery driver put it in my bin without a notice they have refunded my the 90p but i cant get anything with it im asking to get the bundledeal back,2026-03-07 15:29:54,0,labeled_reviews_raw,Neutral,Negative,Neutral,Neutral,Neutral,Neutral,0,Neutral
Lio B10,1,3 package never received arrived to wrong city no one answered 4 mail sent back no refund now aliexpress take no responsibility never again order with them,2026-03-11 21:57:21,0,labeled_reviews_raw,Very Negative,Negative,Negative,Negative,Negative,Negative,-2,Negative
Ti to,5,شكرا لجهودكم,2026-03-10 23:33:12,0,labeled_reviews_raw,Very Negative,Positive,Neutral,Very Negative,Negative,Neutral,0,Neutral
See Ro,5,lapp è meravigliosa ma vogliamo di nuovo per i nuovi utenti lofferta del 099 oppure 3 articoli con 3 di disconto,2026-03-12 07:21:47,0,labeled_reviews_raw,Neutral,Positive,Neutral,Neutral,Neutral,Neutral,0,Neutral
Charles Jenkins,5,i like the app ive only had it a couple day but it is better than doing survey,2026-03-12 20:00:07,0,labeled_reviews_raw,Positive,Positive,Neutral,Positive,Positive,Positive,4,Positive
Benjamin Van Dermark,1,all 3 of the item from my welcome gift get 3 but only pay for 1 got canceled on me after being very late now i dont get thing i ordered and lost out on the welcome deal,2026-03-09 23:32:33,1,labeled_reviews_raw,Negative,Negative,Negative,Negative,Negative,Positive,2,Positive
Patryk,4,na stronie z punktami pokazują się losowe zniżki których nie da się uzyskać mocno utrudnia to zakupy edit okazało się że procentowa zniżka obok produktu uwzględnia też kupon zniżkowy a nie tylko punkty nadal uważam że nie powinno tak być bo jest ikona punktu obok zniżki,2026-03-10 12:11:14,0,labeled_reviews_raw,Negative,Positive,Neutral,Negative,Negative,Neutral,0,Neutral
Promise Abumere,1,i wa scammed by aliexpress seller accept to do a partial refund for a defective item yet aliexpress refused to no refund and complete the lcd screen i purchase the fame doesnt fit pouch and doesnt touch well i followed all the instruction when fix it but it not the case i am complaining about the overheating and the frame side the heat sink on the frame is small unlike the original screen some part doe not touch i try another screen different from the screen i order it worked,2026-03-10 20:18:45,1,labeled_reviews_raw,Negative,Negative,Negative,Negative,Negative,Negative,-1,Negative
Billy Pierce,1,no good,2026-03-07 20:57:37,0,labeled_reviews_raw,Negative,Negative,Positive,Negative,Negative,Positive,-3,Negative
J R,3,great thing for cheap the only thing that suck is delivery if you live in a building they leave it on the lobby floor for anyone to take it not in front of your door,2026-03-07 16:47:47,0,labeled_reviews_raw,Negative,Neutral,Neutral,Neutral,Neutral,Positive,-3,Negative
GTepanator,1,app kept sending me here one star for my trouble,2026-03-10 12:59:45,1,labeled_reviews_raw,Positive,Negative,Neutral,Positive,Positive,Negative,-2,Negative
Falodun Akinwale,4,nice apphas very good and genuine product vendor are good,2026-03-12 19:48:10,0,labeled_reviews_raw,Positive,Positive,Positive,Positive,Positive,Positive,9,Positive
Nyanda,2,these people are scammer if you buy something that come in bulk or that is more than one like the turquoise ring that come in more than one size a mix that come in 2030pcs that i have not received they dont show up mysteriously and they blame you and the carrier but item that were bought that is single item or set oh those show up fine no problem then they dont want to refund you back anything these are not honest or godly people it a facade to sale their product,2026-03-12 18:47:06,1,labeled_reviews_raw,Negative,Negative,Negative,Negative,Negative,Negative,1,Positive
D Bier,1,absolute garbage i dint suggest this app a when you make a purchase over 50 and it stolen you lose your money time and sanity there is no customer service and there even less in these low quality item i tried to get a refund for stolen package 5 time they said prove it how doe one do that how can i prove that i shook a person hand i just met app is stupid and pointless go to temu,2026-03-11 13:52:46,0,labeled_reviews_raw,Very Negative,Negative,Neutral,Very Negative,Negative,Negative,-6,Negative
Davnar Ragnar,1,this app is either broken or designed to deliberately deceive customer i spent some time building a bundle checked the list and went ahead with the purchase only to find most item had disappeared leaving only 10 poorer quality item for the same purchase price i had been given for 20 item no way to trace the transaction or see any itemised receipt after purchase if you must deal with ali express do it via their website on a secure browser do not install this app,2026-03-08 02:01:10,0,labeled_reviews_raw,Negative,Negative,Negative,Negative,Negative,Negative,-5,Negative
Steven Brookshire,2,the item i purchased came a expected and a very great price but i did not get my two free item a a first time buyer which never came it wa deleted from the cart and that promise wa never fulfilled so i am very unsatisfied that wa the main reason why i even started it because i needed those item and i wa going to get the bag also because i liked it,2026-03-09 08:32:36,0,labeled_reviews_raw,Negative,Negative,Negative,Negative,Negative,Positive,3,Positive
Rahl Gadu,5,למה זה לא מוריד לי ניסיתי אד 24 שאות אפילו יתמול,2026-03-12 16:48:37,0,labeled_reviews_raw,Negative,Positive,Neutral,Negative,Negative,Neutral,0,Neutral
Tammy Skifstad,5,useful,2026-03-11 03:40:25,0,labeled_reviews_raw,Positive,Positive,Neutral,Positive,Positive,Positive,2,Positive
Irina kalpacka,5,страхотно,2026-03-07 21:45:13,0,labeled_reviews_raw,Neutral,Positive,Neutral,Neutral,Neutral,Neutral,0,Neutral
Eric Thomas,5,great app easy to use discount applied automatically with fast shipping and local store for even faster delivery,2026-03-09 05:17:33,0,labeled_reviews_raw,Positive,Positive,Positive,Positive,Positive,Positive,4,Positive
Pedram Rezaeian,1,this app is a fraud with unmatched price i approved with 38 and i end up with 48 the shipping time take age and now they are charging 10 tax a well it wa my third time and definitely the last time i ordered something from this app ill make sure nobody else that i know make the same mistake unreliable unworthy of time misleading price meanwhile i put the quality aside,2026-03-08 04:15:44,0,labeled_reviews_raw,Very Negative,Negative,Neutral,Very Negative,Negative,Negative,-10,Negative
Simon Jewry,1,rubbish this is a scam app you will get burnt i didnt want to give it one star but not able seems stupid so no star,2026-03-07 16:13:24,1,labeled_reviews_raw,Very Negative,Negative,Negative,Negative,Negative,Negative,-1,Negative
Coems,1,ordered a charger waited for 10 day when it arrived at my county the order wa unsucesfull,2026-03-11 08:54:13,1,labeled_reviews_raw,Negative,Negative,Neutral,Negative,Negative,Neutral,0,Neutral
Ammar M.Ahmad,5,very nice app,2026-03-11 16:56:04,0,labeled_reviews_raw,Positive,Positive,Positive,Positive,Positive,Positive,3,Positive
Michael M,1,horrible app and customer service,2026-03-10 01:08:04,1,labeled_reviews_raw,Very Negative,Negative,Negative,Negative,Negative,Negative,-3,Negative
Adina L,5,there are many item to see from different vendor be sure to read product review and use common sense you can find great item and if thing do not work out like expected the customer service is there to help and is amazing,2026-03-11 21:55:53,1,labeled_reviews_raw,Positive,Positive,Positive,Positive,Positive,Positive,7,Positive
Mellissa Cecil,5,fast shipping great product,2026-03-07 03:25:27,0,labeled_reviews_raw,Positive,Positive,Positive,Positive,Positive,Positive,3,Positive
Matas Matas,5,this is the good app im not going to lie i found garbage item that could explode easily,2026-03-11 13:54:08,0,labeled_reviews_raw,Positive,Positive,Neutral,Positive,Positive,Positive,3,Positive
Christopher Atkin,5,i thought this wa going to be like wish or temu where they make these wild claim of free stuff or discount under a buck the weirdest thing happened though they were telling the truth now they arent making extravagant claim like the others but the one they are making they honor them i have my whole family ordering from them long shipping time are the only downside not even enough to knock a star off because they tell you in advance how long it will take,2026-03-11 23:56:47,0,labeled_reviews_raw,Positive,Positive,Negative,Positive,Positive,Positive,6,Positive
Enrique El Sato de Hato Rey,2,i prefer the website the app is buggy and doesnt offer much,2026-03-10 13:31:02,1,labeled_reviews_raw,Negative,Negative,Neutral,Negative,Negative,Neutral,0,Neutral
Joni Shkembi,1,very high price a if they are selling diamond,2026-03-12 13:05:50,0,labeled_reviews_raw,Negative,Negative,Neutral,Negative,Negative,Positive,1,Positive
tjan putri,1,honestly i havent experience the app because i couldnt use it i live in indonesia and i downloaded this shopping app because i saw cute bag in this app but when i oppened it you need to choose the country or region where you live right so i searched for my country indonesia but i only saw my neighbouring country malaysia so i couldnt experience the full shopping experience i hope you could add indonesia to you app please,2026-03-11 15:12:44,1,labeled_reviews_raw,Negative,Negative,Neutral,Negative,Negative,Positive,5,Positive
Karel Zegers,3,mostly very good but the advertising behaviour of some seller is pretty bad advertising product for a price which when actually ordered change to a much higher cost example are mitutoyo digimatic vernier most memory card seller and others no reponse to query or request for explanation very shady behaviour and not very well dealt with by aliexpress when complained about very disappointing of an otherwise good site,2026-03-08 07:27:35,0,labeled_reviews_raw,Negative,Neutral,Negative,Negative,Negative,Negative,0,Neutral
Chris Diera,1,they gave me a broken mess toy black suit action figure,2026-03-07 06:42:54,0,labeled_reviews_raw,Very Negative,Negative,Negative,Negative,Negative,Negative,-3,Negative
Chris Smith,1,uninstalled because 12 form of payment couldnt go through,2026-03-09 09:57:23,0,labeled_reviews_raw,Negative,Negative,Neutral,Negative,Negative,Neutral,0,Neutral
Paris Tunc,1,crime gang,2026-03-12 04:52:53,0,labeled_reviews_raw,Neutral,Negative,Neutral,Neutral,Neutral,Negative,-3,Negative
Philip Brady,5,really positive with 95 of tbe vendor,2026-03-08 10:33:57,0,labeled_reviews_raw,Positive,Positive,Neutral,Positive,Positive,Positive,2,Positive
Trevor Thornborough,3,a very complicated device or system to follow at time but the most annoying part is contant repeatitive mailing and including immediately straight after you finished ordering before you get the good theyre trying to encourage more purchase from you damn annoying,2026-03-07 05:47:56,0,labeled_reviews_raw,Negative,Neutral,Positive,Negative,Negative,Negative,-2,Negative
Nunya Biz,5,apparently when i set setting for notification and turn off specific one because i hate being spammed your company ignores it i dont need to be notified 5 time a day because you think i need to know that fingernail clipper are on sale stop it,2026-03-12 22:42:39,4,labeled_reviews_raw,Negative,Positive,Negative,Negative,Negative,Negative,-5,Negative
Dontae Hufflin,5,awesome service never have had a single issue they send what is advertised every single time and you cant beat their price or their product temu wish have nothing on aliexpress,2026-03-11 21:14:59,0,labeled_reviews_raw,Very Positive,Positive,Negative,Very Positive,Positive,Positive,5,Positive
Colin Crowley,1,shortest app and service they ask for photo of bank card and id which is illegal in au should be closed down,2026-03-08 16:37:29,1,labeled_reviews_raw,Negative,Negative,Neutral,Negative,Negative,Negative,-3,Negative
Hard Catz,1,worst experiencei try to purchase on this appsthe transaction wa okeyi payed split through tabbythe big big problem is when they the deliverdi waiting almost a monthno chat from the courier no codethey just mark delivered and i dont received anythingi try to contack the sellerand ask for arefundthey refusethey said i show deliveredthe big question this i purchase it febuary 7i paid febuary 7but on their tracking numberi bought it january 28how come,2026-03-09 08:34:06,0,labeled_reviews_raw,Very Negative,Negative,Negative,Negative,Negative,Negative,-2,Negative
CRO stress,1,support is a total joke i suggest that you use any other app than this one edit i am trying to contact support on the 2 open case and getting same robotic answer for more than 20 time nobody read anything total joke avoid aliexpress,2026-03-08 14:39:18,0,labeled_reviews_raw,Very Negative,Negative,Neutral,Very Negative,Negative,Positive,7,Positive
Katelyn Selvaggio,2,i bought a pair of earbuds but the charger wa completely broken and they dont work i also bought other stuff and they arrived broken and unusable,2026-03-10 02:58:21,2,labeled_reviews_raw,Very Negative,Negative,Negative,Negative,Negative,Negative,-2,Negative
David GIlmore,5,excellent,2026-03-10 06:11:11,0,labeled_reviews_raw,Positive,Positive,Positive,Positive,Positive,Positive,3,Positive
Eric Malcomb,1,they have been a nightmare to deal with placed an order saw where it had been shipped and it wa in colorado i tried to track it again and it said i didnt have an order even though i confirmed it with paypal first email i got back said they found my order and i should be able to track it now i wasnt contact customer service again they tell me the order doesnt exist with my account to use a different one i have only ever had one account with them now they wont give me a refund,2026-03-09 18:29:16,1,labeled_reviews_raw,Very Negative,Negative,Neutral,Very Negative,Negative,Neutral,0,Neutral
Keno Ken,1,worst customer service in the world they keep repeating the same answer over and over again ignoring the customer completely they also allow so many counterfeit and fraudulent item like 2tb thumb drive for 5 they dont only refuse to take obvious scam down they seem to encourage them zero care for their user,2026-03-10 15:46:49,1,labeled_reviews_raw,Very Negative,Negative,Negative,Negative,Negative,Negative,0,Neutral
King Cardigan,4,terrible experience on a z fold all my other samsung device this app is cool but on the fold it well all i will say is that it confusing it so confusing i can not describe it except it look like there are two aliexpress apps running side by side and you dont know which one to use so annoying,2026-03-11 02:26:43,0,labeled_reviews_raw,Very Negative,Positive,Negative,Very Negative,Negative,Negative,-6,Negative
A Mamun,1,full of fraud and scam seller messaging is never comfortable always mixed with promotional message,2026-03-09 15:39:22,1,labeled_reviews_raw,Negative,Negative,Negative,Negative,Negative,Negative,-8,Negative
Mark Santiago,1,useless app especially the help center all my order not ship,2026-03-07 01:53:16,1,labeled_reviews_raw,Very Positive,Negative,Negative,Negative,Negative,Neutral,0,Neutral
Candy Biehle,1,never got my stuff i paid for my watch daughter jerrika kid cup or cap for her head pissed off please fix the problem,2026-03-12 14:12:58,0,labeled_reviews_raw,Negative,Negative,Negative,Negative,Negative,Negative,-5,Negative
Muhammadu Abubakar abdu,5,this is a good app for order the thing that you are doing,2026-03-07 09:49:17,0,labeled_reviews_raw,Positive,Positive,Positive,Positive,Positive,Positive,3,Positive
Kimberly Dumas,1,this sell your credit card number,2026-03-11 04:25:58,0,labeled_reviews_raw,Positive,Negative,Neutral,Positive,Positive,Positive,0,Neutral
Meyola chudasama,1,i order stuff a a 1st time customer and never received them i tried to get a refund it wa also impossible a well i will never use this app to shop again,2026-03-10 01:16:48,1,labeled_reviews_raw,Very Negative,Negative,Negative,Negative,Negative,Positive,0,Neutral
Karl Carroll,3,why do i need this app to track my package why cant i do it online through a browser exactly,2026-03-12 18:00:39,0,labeled_reviews_raw,Neutral,Neutral,Neutral,Neutral,Neutral,Neutral,0,Neutral
Phil,1,i am trying to get a simple refund for something that is clearly not going to be delivered and i ordered a long time ago instead of simply refunding my money which is less than 3 i am getting a big runaround by stupid little bot they will not refund my money or at least i think they wont by the time im finished with aliexpress theyre going to wish they had refunded it,2026-03-10 11:37:23,1,labeled_reviews_raw,Negative,Negative,Negative,Negative,Negative,Positive,1,Positive
Andy Nisbet,1,massively reduce the pointless animation nobody want them and theyre not necessary they make using the app an endurance rather than an enjoyment,2026-03-07 18:45:13,1,labeled_reviews_raw,Very Negative,Negative,Negative,Negative,Negative,Positive,-1,Negative
Tia Cummings,5,great app love it,2026-03-10 04:53:59,0,labeled_reviews_raw,Positive,Positive,Positive,Positive,Positive,Positive,6,Positive
